Code,Nom,DCI,Marque,Categorie,Rayon,Prix Vente,Prix Achat,Rx,Quantite,Date de preremption
BISC004,BISCUIT AUCHAN MON GOUTER ROND,,BISCUIT AUCHAN MON GOUTER ROND,LAITS ET CEREALES,LAITS ET CEREALES,30000,0,Non,0,46023
BISC001,BISCUIT FRANCE CHOCOLAT,,BISCUIT FRANCE CHOCOLAT,LAITS ET CEREALES,LAITS ET CEREALES,20000,0,Non,0,46023
80202,BLEDIDEJ BISCUIT VANILLE,,BLEDIDEJ BISCUIT VANILLE,LAITS ET CEREALES,LAITS ET CEREALES,70000,35000,Non,40,46266
355,BLEDIDEJ CHOCO BISCUIT 12M+,,BLEDIDEJ CHOCO BISCUIT 12M+,LAITS ET CEREALES,LAITS ET CEREALES,70000,50000,Non,25,46296
80189,BLEDIDEJ CHOCO VANILLE 12M+,,BLEDIDEJ CHOCO VANILLE 12M+,LAITS ET CEREALES,LAITS ET CEREALES,70000,28083,Non,11,46313
7323,BLEDIDEJ CHOCOLAT GOURMAND 12M+,,BLEDIDEJ CHOCOLAT GOURMAND 12M+,LAITS ET CEREALES,LAITS ET CEREALES,70000,50000,Non,13,46296
478,BLEDIDEJ SAVEUR BISCUIT 6M+,,BLEDIDEJ SAVEUR BISCUIT 6M+,LAITS ET CEREALES,LAITS ET CEREALES,70000,50000,Non,1,46266
7484,BLEDIDEJ SAVEUR VANILLE 6M+,,BLEDIDEJ SAVEUR VANILLE 6M+,LAITS ET CEREALES,LAITS ET CEREALES,70000,50000,Non,12,46266
BLED001,BLEDILAIT 900G 2AGE,,BLEDILAIT 900G 2AGE,LAITS ET CEREALES,LAITS ET CEREALES,200000,140000,Non,0,46478
BYPH002,BLEDILAIT N03 900G IMPORTE,,BLEDILAIT N03 900G IMPORTE,LAITS ET CEREALES,LAITS ET CEREALES,180000,120500,Non,12,46631
6222256,BLEDILAIT N04,,BLEDILAIT N04,LAITS ET CEREALES,LAITS ET CEREALES,200000,140000,Non,2,46661
BLED0012,BLEDINA  COMPOTE COKTAIL DE FRUIT,,BLEDINA  COMPOTE COKTAIL DE FRUIT,LAITS ET CEREALES,LAITS ET CEREALES,50000,0,Non,37,46478
CHAM002,BLEDINA BANANA ET LAIT,,BLEDINA BANANA ET LAIT,LAITS ET CEREALES,LAITS ET CEREALES,40000,0,Non,11,46661
BLED0023,BLEDINA BRASSE NATURE,,BLEDINA BRASSE NATURE,LAITS ET CEREALES,LAITS ET CEREALES,45000,0,Non,2,46294
FRAN002,BLEDINA COMPOTE HARMONINE DE FORT,,BLEDINA COMPOTE HARMONINE DE FORT,LAITS ET CEREALES,LAITS ET CEREALES,45000,0,Non,0,46388
COLG054,BLEDINA COMPOTE POMME BANANE,,BLEDINA COMPOTE POMME BANANE,LAITS ET CEREALES,LAITS ET CEREALES,50000,35500,Non,-5,46569
FRAN004,BLEDINA COMPOTE POMME KIWIS,,BLEDINA COMPOTE POMME KIWIS,LAITS ET CEREALES,LAITS ET CEREALES,45000,0,Non,2,46357
BROS004,BLEDINA COMPOTE POMME PECHE,,BLEDINA COMPOTE POMME PECHE,LAITS ET CEREALES,LAITS ET CEREALES,50000,5000,Non,7,46539
FRAN003,BLEDINA COMPOTE POMME POIRE,,BLEDINA COMPOTE POMME POIRE,LAITS ET CEREALES,LAITS ET CEREALES,50000,35500,Non,19,46539
FRAN001,BLEDINA COMPOTE POMME PRUNEAUX,,BLEDINA COMPOTE POMME PRUNEAUX,LAITS ET CEREALES,LAITS ET CEREALES,50000,35500,Non,29,46600
379,BLEDINA COMPOTE POMMES CERISES VANILLE,,BLEDINA COMPOTE POMMES CERISES VANILLE,LAITS ET CEREALES,LAITS ET CEREALES,45000,32000,Non,7,46342
BLED003,BLEDINA DOUCEURS FRAISE,,BLEDINA DOUCEURS FRAISE,LAITS ET CEREALES,LAITS ET CEREALES,60000,42500,Non,13,46296
7309,BLEDINA DOUCEURS FRUITES,,BLEDINA DOUCEURS FRUITES,LAITS ET CEREALES,LAITS ET CEREALES,50000,23430,Non,0,46174
BLED0108,BLEDINA DOUCEURS MIRABELLE,,BLEDINA DOUCEURS MIRABELLE,LAITS ET CEREALES,LAITS ET CEREALES,60000,42500,Non,38,46344
BLED006,BLEDINA DOUCEURS NATURE,,BLEDINA DOUCEURS NATURE,LAITS ET CEREALES,LAITS ET CEREALES,60000,45000,Non,14,46344
716539,BLEDINA MINI LACTEE ABRICOT,,BLEDINA MINI LACTEE ABRICOT,LAITS ET CEREALES,LAITS ET CEREALES,50000,35500,Non,36,46235
1372560,BLEDINA MINI LACTEE BANANE,,BLEDINA MINI LACTEE BANANE,LAITS ET CEREALES,LAITS ET CEREALES,50000,35500,Non,11,46327
1372249,BLEDINA MINI LACTEE FRAISE,,BLEDINA MINI LACTEE FRAISE,LAITS ET CEREALES,LAITS ET CEREALES,50000,26550,Non,7,46296
BLED002,BLEDINA MINI LACTEE LOT DE 12,,BLEDINA MINI LACTEE LOT DE 12,LAITS ET CEREALES,LAITS ET CEREALES,100000,0,Non,32,46327
6222164,BLEDINA MINI LACTEE NATURE,,BLEDINA MINI LACTEE NATURE,LAITS ET CEREALES,LAITS ET CEREALES,50000,32000,Non,18,46296
BLEDIN,BLEDINA MINI LACTEE VANILLE,,BLEDINA MINI LACTEE VANILLE,LAITS ET CEREALES,LAITS ET CEREALES,50000,0,Non,16,46312
6,BLEDINA POMME LOT DE 2,,BLEDINA POMME LOT DE 2,LAITS ET CEREALES,LAITS ET CEREALES,30000,15000,Non,0,46113
HERO001,BLEDINE BISCUIT ET LAIT 250G,,BLEDINE BISCUIT ET LAIT 250G,LAITS ET CEREALES,LAITS ET CEREALES,40000,28500,Non,13,46661
COLG004,BLEDINE BRIOCHE 400G,,BLEDINE BRIOCHE 400G,LAITS ET CEREALES,LAITS ET CEREALES,60000,0,Non,0,46113
BIBE010,BLEDINE CACAO,,BLEDINE CACAO,LAITS ET CEREALES,LAITS ET CEREALES,60000,0,Non,-1,46235
BIBE009,BLEDINE CEREAL DU SOIR,,BLEDINE CEREAL DU SOIR,LAITS ET CEREALES,LAITS ET CEREALES,55000,0,Non,0,46082
6219379,BLEDINE EXTRA,,BLEDINE EXTRA,LAITS ET CEREALES,LAITS ET CEREALES,40000,28500,Non,1,46447
HERO006,BLEDINE LACTEE CROISSANCE,,BLEDINE LACTEE CROISSANCE,LAITS ET CEREALES,LAITS ET CEREALES,40000,28500,Non,23,46569
BLED005,BLEDINE LAIT ET MIEL 400G,,BLEDINE LAIT ET MIEL 400G,LAITS ET CEREALES,LAITS ET CEREALES,38000,0,Non,0,46447
BIBE007,BLEDINE NATURE 4 A 6 MOIS,,BLEDINE NATURE 4 A 6 MOIS,LAITS ET CEREALES,LAITS ET CEREALES,60000,42500,Non,21,46692
BROS008,BLEDINE VANILLE 400G,,BLEDINE VANILLE 400G,LAITS ET CEREALES,LAITS ET CEREALES,60000,0,Non,10,46388
CONF003,BLEDINER SEMOULE VANILLE,,BLEDINER SEMOULE VANILLE,LAITS ET CEREALES,LAITS ET CEREALES,45000,32000,Non,0,46388
BROS013,BROSSE COLGATE CLASSIC DEEP CLEAN,,BROSSE COLGATE CLASSIC DEEP CLEAN,LAITS ET CEREALES,LAITS ET CEREALES,20000,7500,Non,0,47604
CERE001,CEREALE AUCHON BABY BIO,,CEREALE AUCHON BABY BIO,LAITS ET CEREALES,LAITS ET CEREALES,60000,0,Non,0,46669
CHEW003,CERELAC BLE ET LAIT,,CERELAC BLE ET LAIT,LAITS ET CEREALES,LAITS ET CEREALES,40000,28500,Non,0,46357
FRAN005,CERELAC FRUIT ET LAIT,,CERELAC FRUIT ET LAIT,LAITS ET CEREALES,LAITS ET CEREALES,50000,35500,Non,19,46357
6223413,CERELAC IMPORTE  1KG FRUIT BLE,,CERELAC IMPORTE  1KG FRUIT BLE,LAITS ET CEREALES,LAITS ET CEREALES,200000,48048,Non,2,46419
6223406,CERELAC IMPORTE 1KG BLE,,CERELAC IMPORTE 1KG BLE,LAITS ET CEREALES,LAITS ET CEREALES,200000,14000,Non,0,46419
2197315,CERELAC IMPORTE BLE MIEL 1KG,,CERELAC IMPORTE BLE MIEL 1KG,LAITS ET CEREALES,LAITS ET CEREALES,200000,142500,Non,1,46419
80219,CERELAC IMPORTE BLE MIEL 400G,,CERELAC IMPORTE BLE MIEL 400G,LAITS ET CEREALES,LAITS ET CEREALES,70000,35815,Non,0,46204
80233,CERELAC IMPORTE FRUIT ET LAIT 400G,,CERELAC IMPORTE FRUIT ET LAIT 400G,LAITS ET CEREALES,LAITS ET CEREALES,70000,28750,Non,0,46143
CHES001,CERELAC RIZ ET LAIT,,CERELAC RIZ ET LAIT,LAITS ET CEREALES,LAITS ET CEREALES,45000,0,Non,0,46174
CL112,CLASSIC FRUIT,,CLASSIC FRUIT,LAITS ET CEREALES,LAITS ET CEREALES,45000,0,Non,1,46600
COLG007,COMPOTE BLEDINA CAROTTE LOT DE 2,,COMPOTE BLEDINA CAROTTE LOT DE 2,LAITS ET CEREALES,LAITS ET CEREALES,30000,12500,Non,1,46478
FRAN007,FRANCE LAIT BLE BISCUIT,,FRANCE LAIT BLE BISCUIT,LAITS ET CEREALES,LAITS ET CEREALES,38000,26500,Non,10,46388
FRAN008,FRANCE LAIT BLE FRUIT,,FRANCE LAIT BLE FRUIT,LAITS ET CEREALES,LAITS ET CEREALES,38000,27000,Non,18,46388
DERM001,FRANCE LAIT N01,,FRANCE LAIT N01,LAITS ET CEREALES,LAITS ET CEREALES,70000,0,Non,32,46692
DRSM001,FRANCE LAIT N02,,FRANCE LAIT N02,LAITS ET CEREALES,LAITS ET CEREALES,70000,53472,Non,32,46692
EFFA001,FRANCE LAIT N03,,FRANCE LAIT N03,LAITS ET CEREALES,LAITS ET CEREALES,70000,0,Non,23,46631
BIBE02,GAILLIA CALISMA N01,,GAILLIA CALISMA N01,LAITS ET CEREALES,LAITS ET CEREALES,280000,200000,Non,13,46266
BIBE018,GALLIA  CALISMA N03,,GALLIA  CALISMA N03,LAITS ET CEREALES,LAITS ET CEREALES,200000,142500,Non,31,46569
BIBE008,GALLIA CALISMA N02,,GALLIA CALISMA N02,LAITS ET CEREALES,LAITS ET CEREALES,280000,35200,Non,20,46388
BEBI004,GALLIA CALISMA N04,,GALLIA CALISMA N04,LAITS ET CEREALES,LAITS ET CEREALES,200000,140000,Non,8,46569
FRAN009,GAULLAC N°1,,GAULLAC N°1,LAITS ET CEREALES,LAITS ET CEREALES,65000,42500,Non,24,46784
FRAN010,GAULLAC N°2,,GAULLAC N°2,LAITS ET CEREALES,LAITS ET CEREALES,65000,42500,Non,12,46569
23453,GAULLAC N°3,,GAULLAC N°3,LAITS ET CEREALES,LAITS ET CEREALES,65000,45500,Non,12,46327
GU0021,GUIGOZ N°2 LIQUIDE,,GUIGOZ N°2 LIQUIDE,LAITS ET CEREALES,LAITS ET CEREALES,100000,0,Non,0,46327
GUIG004,GUIGOZ N03,,GUIGOZ N03,LAITS ET CEREALES,LAITS ET CEREALES,180000,128500,Non,9,46447
8612767,LAIT CANDIA UNITE,,LAIT CANDIA UNITE,LAITS ET CEREALES,LAITS ET CEREALES,15000,0,Non,27,46266
MELO004,MELOLAC,,MELOLAC,LAITS ET CEREALES,LAITS ET CEREALES,40000,28500,Non,18,46478
MODI004,MODILAC BIO CAROTTE,,MODILAC BIO CAROTTE,LAITS ET CEREALES,LAITS ET CEREALES,60000,42500,Non,0,46296
MODI014,MODILAC BIO MUTRICEREALES,,MODILAC BIO MUTRICEREALES,LAITS ET CEREALES,LAITS ET CEREALES,60000,42500,Non,1,46204
MODI003,MODILAC BIO NATURE,,MODILAC BIO NATURE,LAITS ET CEREALES,LAITS ET CEREALES,60000,42500,Non,0,46296
MODI007,MODILAC BIO NUIT,,MODILAC BIO NUIT,LAITS ET CEREALES,LAITS ET CEREALES,60000,42500,Non,0,46296
MODI002,MODILAC BIO VANILLE,,MODILAC BIO VANILLE,LAITS ET CEREALES,LAITS ET CEREALES,60000,42850,Non,0,46388
PHYS003,MODILAC PREMA,,MODILAC PREMA,LAITS ET CEREALES,LAITS ET CEREALES,100000,0,Non,24,46600
PHYS001,MODILAC SL-LF,,MODILAC SL-LF,LAITS ET CEREALES,LAITS ET CEREALES,95000,0,Non,0,46447
CHEW004,NAN N01,,NAN N01,LAITS ET CEREALES,LAITS ET CEREALES,70000,50000,Non,30,46388
CHEW001,NAN N02,,NAN N02,LAITS ET CEREALES,LAITS ET CEREALES,70000,50000,Non,21,46388
324,NATURNES FRUIT DU SOLEIL,,NATURNES FRUIT DU SOLEIL,LAITS ET CEREALES,LAITS ET CEREALES,45000,32000,Non,-1,46235
COLG002,NATURNES FRUIT DU VERGER,,NATURNES FRUIT DU VERGER,LAITS ET CEREALES,LAITS ET CEREALES,45000,32000,Non,1,46266
8569615,NESTILE RECETTE LENTILLE VERTES JAMBON,,NESTILE RECETTE LENTILLE VERTES JAMBON,LAITS ET CEREALES,LAITS ET CEREALES,45000,0,Non,0,46143
1486373,NESTLE  RECETTE PETIT LEGUMES POISSON,,NESTLE  RECETTE PETIT LEGUMES POISSON,LAITS ET CEREALES,LAITS ET CEREALES,45000,48262,Non,0,46082
MINI001,NESTLE MINI BRASSE BANANE,,NESTLE MINI BRASSE BANANE,LAITS ET CEREALES,LAITS ET CEREALES,45000,0,Non,-1,46296
MINI003,NESTLE MINI BRASSE NATURE,,NESTLE MINI BRASSE NATURE,LAITS ET CEREALES,LAITS ET CEREALES,45000,0,Non,0,46266
MINI002,NESTLE MINI ONCTUEUX FRAISE,,NESTLE MINI ONCTUEUX FRAISE,LAITS ET CEREALES,LAITS ET CEREALES,45000,0,Non,-1,46296
BAUV001,NESTLE PETIT BRASSE BANANE,,NESTLE PETIT BRASSE BANANE,LAITS ET CEREALES,LAITS ET CEREALES,45000,32000,Non,58,46266
AQUF001,NESTLE PETIT BRASSE FRAISE,,NESTLE PETIT BRASSE FRAISE,LAITS ET CEREALES,LAITS ET CEREALES,45000,0,Non,20,46235
BALE001,NESTLE PETIT BRASSE FRAMBOISE,,NESTLE PETIT BRASSE FRAMBOISE,LAITS ET CEREALES,LAITS ET CEREALES,45000,32000,Non,27,46266
BECK02,NESTLE PETIT BRASSE FRUIT ROUGE,,NESTLE PETIT BRASSE FRUIT ROUGE,LAITS ET CEREALES,LAITS ET CEREALES,45000,32000,Non,0,46266
NEST21,NESTLE PETIT BRASSE POIRE,,NESTLE PETIT BRASSE POIRE,LAITS ET CEREALES,LAITS ET CEREALES,45000,32000,Non,24,46266
PETITO0015,NESTLE PETIT ONCTUEUX NATURE,,NESTLE PETIT ONCTUEUX NATURE,LAITS ET CEREALES,LAITS ET CEREALES,90000,64000,Non,7,46327
BROS05,NESTLE PETITE CEREALE BABICAO,,NESTLE PETITE CEREALE BABICAO,LAITS ET CEREALES,LAITS ET CEREALES,65000,46200,Non,44,46357
1232891,NESTLE PETITE CEREALE BABIMIEL,,NESTLE PETITE CEREALE BABIMIEL,LAITS ET CEREALES,LAITS ET CEREALES,65000,46200,Non,6,46447
CHAM009,NESTLE PETITE CEREALE BABIVANILLE,,NESTLE PETITE CEREALE BABIVANILLE,LAITS ET CEREALES,LAITS ET CEREALES,65000,45800,Non,0,46357
1301531,NESTLE PETITE CEREALE BISCUIT 6MOIS +,,NESTLE PETITE CEREALE BISCUIT 6MOIS +,LAITS ET CEREALES,LAITS ET CEREALES,65000,42500,Non,31,46508
1301532,NESTLE PETITE CEREALE BISCUIT VANILLE 12MOIS +,,NESTLE PETITE CEREALE BISCUIT VANILLE 12MOIS +,LAITS ET CEREALES,LAITS ET CEREALES,65000,42500,Non,0,46478
BYPH001,NESTLE PETITE CEREALE CACAO,,NESTLE PETITE CEREALE CACAO,LAITS ET CEREALES,LAITS ET CEREALES,65000,42500,Non,29,46508
CONF006,NESTLE PETITE CEREALE CHOCOLAT AU LAIT,,NESTLE PETITE CEREALE CHOCOLAT AU LAIT,LAITS ET CEREALES,LAITS ET CEREALES,65000,42500,Non,17,46478
COLG011,NESTLE PETITE CEREALE LEGUMES VARIER,,NESTLE PETITE CEREALE LEGUMES VARIER,LAITS ET CEREALES,LAITS ET CEREALES,60000,42000,Non,0,46388
COLG009,NESTLE PETITE CEREALE NOISETTE,,NESTLE PETITE CEREALE NOISETTE,LAITS ET CEREALES,LAITS ET CEREALES,65000,42500,Non,25,46447
COLG010,NESTLE PETITE CEREALE POTIRON,,NESTLE PETITE CEREALE POTIRON,LAITS ET CEREALES,LAITS ET CEREALES,60000,42000,Non,6,46388
nest44521,NESTLE PETITE CEREALE SS SUCRE BISCUIT,,NESTLE PETITE CEREALE SS SUCRE BISCUIT,LAITS ET CEREALES,LAITS ET CEREALES,60000,0,Non,0,46508
1301003,NESTLE PETITE CEREALE VANILLE 6MOIS +,,NESTLE PETITE CEREALE VANILLE 6MOIS +,LAITS ET CEREALES,LAITS ET CEREALES,65000,42500,Non,44,46508
6222157,NESTLE RECETTE COUSCOUS,,NESTLE RECETTE COUSCOUS,LAITS ET CEREALES,LAITS ET CEREALES,45000,39782,Non,11,46327
HERO002,NESTLE RECETTE POT AU FEU,,NESTLE RECETTE POT AU FEU,LAITS ET CEREALES,LAITS ET CEREALES,45000,32000,Non,0,46266
CONF001,NESTLE RECETTE SPAGETTIE  BOLOGNAISSE,,NESTLE RECETTE SPAGETTIE  BOLOGNAISSE,LAITS ET CEREALES,LAITS ET CEREALES,45000,32000,Non,7,46266
5004596,NIDO 2500G,,NIDO 2500G,LAITS ET CEREALES,LAITS ET CEREALES,300000,136666,Non,-4,46661
5004527,NIDO 400G,,NIDO 400G,LAITS ET CEREALES,LAITS ET CEREALES,50000,42500,Non,13,46600
5004558,NIDO 800G,,NIDO 800G,LAITS ET CEREALES,LAITS ET CEREALES,110000,71300,Non,14,46722
7502122,NIDO IMPORTE 400G,,NIDO IMPORTE 400G,LAITS ET CEREALES,LAITS ET CEREALES,90000,1000,Non,0,46388
NUTR009,NURSIE CONFORT N01 LAIT,,NURSIE CONFORT N01 LAIT,LAITS ET CEREALES,LAITS ET CEREALES,100000,71000,Non,16,46357
23460,NURSIE CONFORT N2 LAIT,,NURSIE CONFORT N2 LAIT,LAITS ET CEREALES,LAITS ET CEREALES,100000,71000,Non,4,46692
PHYS002,NURSIE EXPECTISE N1 LAIT,,NURSIE EXPECTISE N1 LAIT,LAITS ET CEREALES,LAITS ET CEREALES,95000,67500,Non,16,46600
NURS004,NURSIE EXPECTISE N2 LAIT,,NURSIE EXPECTISE N2 LAIT,LAITS ET CEREALES,LAITS ET CEREALES,95000,67500,Non,19,46419
85215,NURSIE N01,,NURSIE N01,LAITS ET CEREALES,LAITS ET CEREALES,65000,46000,Non,1,46784
85246,NURSIE N02,,NURSIE N02,LAITS ET CEREALES,LAITS ET CEREALES,65000,46000,Non,0,46631
DETT004,NUTRILAC,,NUTRILAC,LAITS ET CEREALES,LAITS ET CEREALES,28000,20000,Non,14,46266
90486,PHOSPHATINE MIEL,,PHOSPHATINE MIEL,LAITS ET CEREALES,LAITS ET CEREALES,37000,26908,Non,7,46388
PHYS004,PHYSIOLAC 800G N01,,PHYSIOLAC 800G N01,LAITS ET CEREALES,LAITS ET CEREALES,200000,140000,Non,9,47150
PHYS007,PHYSIOLAC BIO FRUIT,,PHYSIOLAC BIO FRUIT,LAITS ET CEREALES,LAITS ET CEREALES,65000,46300,Non,17,46388
COLP005,PHYSIOLAC BIO LEGUME,,PHYSIOLAC BIO LEGUME,LAITS ET CEREALES,LAITS ET CEREALES,65000,46300,Non,1,46784
PHYS005,PHYSIOLAC BIO NATURE,,PHYSIOLAC BIO NATURE,LAITS ET CEREALES,LAITS ET CEREALES,65000,46300,Non,0,46478
CHEW007,PHYSIOLAC BIO NUIT,,PHYSIOLAC BIO NUIT,LAITS ET CEREALES,LAITS ET CEREALES,65000,46000,Non,18,46631
PHYS008,PHYSIOLAC BIO VANILLE,,PHYSIOLAC BIO VANILLE,LAITS ET CEREALES,LAITS ET CEREALES,65000,46300,Non,5,46661
PHYS009,PHYSIOLAC LAIT ET BLE,,PHYSIOLAC LAIT ET BLE,LAITS ET CEREALES,LAITS ET CEREALES,45000,32000,Non,20,46478
PHYSI001,PHYSIOLAC LAIT ET FRUIT,,PHYSIOLAC LAIT ET FRUIT,LAITS ET CEREALES,LAITS ET CEREALES,45000,32000,Non,3,46478
PHYS010,PHYSIOLAC LAIT ET RIZ,,PHYSIOLAC LAIT ET RIZ,LAITS ET CEREALES,LAITS ET CEREALES,45000,32000,Non,-2,46600
AXEA001,PHYSIOLAC N1 400G,,PHYSIOLAC N1 400G,LAITS ET CEREALES,LAITS ET CEREALES,100000,71000,Non,18,47150
716546,PHYSIOLAC N2 400G,,PHYSIOLAC N2 400G,LAITS ET CEREALES,LAITS ET CEREALES,100000,64000,Non,22,47178
ALOE001,PICOT 400G N01,,PICOT 400G N01,LAITS ET CEREALES,LAITS ET CEREALES,75000,1000,Non,24,46539
ANAC002,PICOT 400G N02,,PICOT 400G N02,LAITS ET CEREALES,LAITS ET CEREALES,75000,0,Non,13,46569
pic0012,PICOT 400G N3,,PICOT 400G N3,LAITS ET CEREALES,LAITS ET CEREALES,75000,50000,Non,6,46569
PICO001,PICOT 800G N01,,PICOT 800G N01,LAITS ET CEREALES,LAITS ET CEREALES,150000,100000,Non,30,46661
BLED004,PICOT 800G N02,,PICOT 800G N02,LAITS ET CEREALES,LAITS ET CEREALES,140000,100000,Non,0,46539
PIC001254,PICOT 800G N3,,PICOT 800G N3,LAITS ET CEREALES,LAITS ET CEREALES,150000,100000,Non,11,46661
9296296,PICOT BIO N1 800G,,PICOT BIO N1 800G,LAITS ET CEREALES,LAITS ET CEREALES,300000,1000,Non,6,46661
765916,PICOT BIO N2 800G,,PICOT BIO N2 800G,LAITS ET CEREALES,LAITS ET CEREALES,300000,1000,Non,5,46266
9300634,PICOT BOI N3 800G,,PICOT BOI N3 800G,LAITS ET CEREALES,LAITS ET CEREALES,300000,1000,Non,0,46447
AQUA006,PICOT CEREALE  FRUIT,,PICOT CEREALE  FRUIT,LAITS ET CEREALES,LAITS ET CEREALES,35000,25000,Non,16,46388
12354,PICOT CEREALE  MIEL,,PICOT CEREALE  MIEL,LAITS ET CEREALES,LAITS ET CEREALES,35000,25000,Non,23,46722
ANIO001,PICOT CEREALE MULTICEREALES,,PICOT CEREALE MULTICEREALES,LAITS ET CEREALES,LAITS ET CEREALES,35000,25000,Non,17,46692
AQUA004,PICOT CEREALE VANILLE,,PICOT CEREALE VANILLE,LAITS ET CEREALES,LAITS ET CEREALES,35000,25000,Non,9,46722
ANNE001,PICOT PICAGEST N2,,PICOT PICAGEST N2,LAITS ET CEREALES,LAITS ET CEREALES,300000,29500,Non,6,46419
SAIR002,PICOT PICOGEST N1,,PICOT PICOGEST N1,LAITS ET CEREALES,LAITS ET CEREALES,300000,0,Non,6,46508
POM001,POM POTES LOT DE 4,,POM POTES LOT DE 4,LAITS ET CEREALES,LAITS ET CEREALES,45000,32000,Non,0,46388
4700114,RIDIALAC LAIT ET BLE AVEC FRUIT MIEL,,RIDIALAC LAIT ET BLE AVEC FRUIT MIEL,LAITS ET CEREALES,LAITS ET CEREALES,40000,25000,Non,24,46569
COLG013,RIDIALAC LAIT ET BLE BANANE ET DAFE,,RIDIALAC LAIT ET BLE BANANE ET DAFE,LAITS ET CEREALES,LAITS ET CEREALES,45000,32000,Non,23,46569
ya12,YAOURT BABY BIO,,YAOURT BABY BIO,LAITS ET CEREALES,LAITS ET CEREALES,60000,0,Non,1,46316
8010,15 PLUS CREME,,15 PLUS CREME,PARAPHARMA,PARAPHARMA,75000,0,Non,0,43831
ALV0000001,ALVAR BABY SNACK CUP,,ALVAR BABY SNACK CUP,PARAPHARMA,PARAPHARMA,60000,42000,Non,12,47818
alvar00006,ALVAR BABY TASSE,,ALVAR BABY TASSE,PARAPHARMA,PARAPHARMA,65000,46000,Non,8,47818
1136410,ALVAR BAL,,ALVAR BAL,PARAPHARMA,PARAPHARMA,80000,0,Non,0,46388
ALOV002,ALVAR CUTLERY SET,,ALVAR CUTLERY SET,PARAPHARMA,PARAPHARMA,40000,0,Non,12,47574
alvr000003,ALVAR MEAL SET,,ALVAR MEAL SET,PARAPHARMA,PARAPHARMA,50000,35500,Non,5,47818
al00000001,ALVAR SILICONE MEAL SET PLATE,,ALVAR SILICONE MEAL SET PLATE,PARAPHARMA,PARAPHARMA,60000,42000,Non,6,47830
alvar00004,ALVAR SILICONE TECTHER SET,,ALVAR SILICONE TECTHER SET,PARAPHARMA,PARAPHARMA,50000,35500,Non,13,47818
ANNAU00001,ANNEAU DE DENTITION,,ANNEAU DE DENTITION,PARAPHARMA,PARAPHARMA,50000,35500,Non,10,47818
7502108,ANTI MOUSTIQUE ARIXACA 400ML,,ANTI MOUSTIQUE ARIXACA 400ML,PARAPHARMA,PARAPHARMA,25000,1000,Non,0,43952
33926,AQUAFRESH DENTICE EXTRME CLEAN,,AQUAFRESH DENTICE EXTRME CLEAN,PARAPHARMA,PARAPHARMA,50000,0,Non,0,43831
6001087,AQUAFRESH PATE EXTRA FRESH,,AQUAFRESH PATE EXTRA FRESH,PARAPHARMA,PARAPHARMA,40000,1000,Non,0,41424
7603041,ARRIXACA LIMPIA CRISTALES 750ML,,ARRIXACA LIMPIA CRISTALES 750ML,PARAPHARMA,PARAPHARMA,18500,1000,Non,0,41425
7603096,ARRIXACA MULTIUSAGE,,ARRIXACA MULTIUSAGE,PARAPHARMA,PARAPHARMA,18500,1000,Non,0,41425
7600037,ATACHE SUCETTE BABY,,ATACHE SUCETTE BABY,PARAPHARMA,PARAPHARMA,45000,0,Non,0,46844
JULI001,ATTACHE SUCETTE,,ATTACHE SUCETTE,PARAPHARMA,PARAPHARMA,30000,0,Non,0,47484
6114820,AUCHAN MULTI-FRUIT,,AUCHAN MULTI-FRUIT,PARAPHARMA,PARAPHARMA,60000,0,Non,0,46023
2000204,AWANE PROTEGE,,AWANE PROTEGE,PARAPHARMA,PARAPHARMA,10000,5000,Non,0,43952
awib000007,AWIBI BIBERON 120ML,,AWIBI BIBERON 120ML,PARAPHARMA,PARAPHARMA,50000,35500,Non,11,49644
awib000006,AWIBI BIBERON 180ML,,AWIBI BIBERON 180ML,PARAPHARMA,PARAPHARMA,70000,50000,Non,12,49644
AWIB000005,AWIBI BIBERON 240ML,,AWIBI BIBERON 240ML,PARAPHARMA,PARAPHARMA,75000,53500,Non,11,49644
awib000010,AWIBI BRILLA LEVRE,,AWIBI BRILLA LEVRE,PARAPHARMA,PARAPHARMA,15000,10000,Non,23,49644
2459400,AWIBI DETERGENT,,AWIBI DETERGENT,PARAPHARMA,PARAPHARMA,40000,0,Non,10,50010
AWIB000004,AWIBI GOURDE,,AWIBI GOURDE,PARAPHARMA,PARAPHARMA,70000,50000,Non,11,49644
AWIB000002,AWIBI LOTION BEBE,,AWIBI LOTION BEBE,PARAPHARMA,PARAPHARMA,40000,28500,Non,7,49644
BIB00002,AWIBI MANAGE,,AWIBI MANAGE,PARAPHARMA,PARAPHARMA,40000,0,Non,5,47818
awib000011,AWIBI PATTE ENFANT,,AWIBI PATTE ENFANT,PARAPHARMA,PARAPHARMA,30000,21000,Non,1,47818
AWIB000003,AWIBI POUDRE BEBE,,AWIBI POUDRE BEBE,PARAPHARMA,PARAPHARMA,35000,25000,Non,24,49644
awib000012,AWIBI SAVON BEBE,,AWIBI SAVON BEBE,PARAPHARMA,PARAPHARMA,15000,10000,Non,59,49644
AWIBI00001,AWIBI SHAMPOO  BEBE,,AWIBI SHAMPOO  BEBE,PARAPHARMA,PARAPHARMA,40000,28500,Non,-1,49644
awb0000008,AWIBI TETINE 0-6MOIS,,AWIBI TETINE 0-6MOIS,PARAPHARMA,PARAPHARMA,30000,21000,Non,8,49644
AWIB000009,AWIBI TETINE FRUITS,,AWIBI TETINE FRUITS,PARAPHARMA,PARAPHARMA,40000,28500,Non,22,49644
SAVO05,BABY HEAD CUSHION,,BABY HEAD CUSHION,PARAPHARMA,PARAPHARMA,100000,0,Non,2,47484
80472,BABY LOTION UP&UP,,BABY LOTION UP&UP,PARAPHARMA,PARAPHARMA,90000,0,Non,0,40959
PAMP013,BABY NAIL TRIMMER,,BABY NAIL TRIMMER,PARAPHARMA,PARAPHARMA,80000,0,Non,0,47484
BROS010,BABYCARE KIT,,BABYCARE KIT,PARAPHARMA,PARAPHARMA,100000,0,Non,0,53083
SANE001,BABY'S TABLEWARE SET,,BABY'S TABLEWARE SET,PARAPHARMA,PARAPHARMA,180000,0,Non,0,46753
APTO001,BACTIGEL 350ML,,BACTIGEL 350ML,PARAPHARMA,PARAPHARMA,35000,0,Non,16,47849
31122,BAIN DE BOUCHE FRESH,,BAIN DE BOUCHE FRESH,PARAPHARMA,PARAPHARMA,60000,0,Non,0,46388
1955300,BAIN DE BOUCHE MULTI ACTION,,BAIN DE BOUCHE MULTI ACTION,PARAPHARMA,PARAPHARMA,50000,0,Non,0,46753
BIBERON004,BIBERON  COOL,,BIBERON  COOL,PARAPHARMA,PARAPHARMA,40000,28000,Non,1,47818
bib0000001,BIBERON ADA,,BIBERON ADA,PARAPHARMA,PARAPHARMA,35000,25000,Non,5,47818
BIBE005,BIBERON ALGO,,BIBERON ALGO,PARAPHARMA,PARAPHARMA,80000,22000,Non,2,47515
534309,BIBERON ALVAR,,BIBERON ALVAR,PARAPHARMA,PARAPHARMA,60000,42000,Non,2,47818
alvar00007,BIBERON ALVAR,,BIBERON ALVAR,PARAPHARMA,PARAPHARMA,0,0,Non,0,47818
bibr000011,BIBERON AVENT 240ML,,BIBERON AVENT 240ML,PARAPHARMA,PARAPHARMA,130000,92500,Non,6,49644
bibr000013,BIBERON AVENT LOT DE 2,,BIBERON AVENT LOT DE 2,PARAPHARMA,PARAPHARMA,180000,125000,Non,3,49644
BBN0019,BIBERON BABISAFE,,BIBERON BABISAFE,PARAPHARMA,PARAPHARMA,45000,32000,Non,0,51471
BBN0017,BIBERON BABISAL 120ML,,BIBERON BABISAL 120ML,PARAPHARMA,PARAPHARMA,35000,25000,Non,4,51167
BBN0022,BIBERON BABISAL 240ML,,BIBERON BABISAL 240ML,PARAPHARMA,PARAPHARMA,0,0,Non,0,51185
BIB0006,BIBERON BABISIL 180ML,,BIBERON BABISIL 180ML,PARAPHARMA,PARAPHARMA,35000,25000,Non,2,47818
BBN0023,BIBERON BABISIL 240ML,,BIBERON BABISIL 240ML,PARAPHARMA,PARAPHARMA,40000,28500,Non,0,51185
BBN00024,BIBERON BABISIL 240ML,,BIBERON BABISIL 240ML,PARAPHARMA,PARAPHARMA,0,0,Non,0,51185
BBN00030,BIBERON BABISIL 240ML,,BIBERON BABISIL 240ML,PARAPHARMA,PARAPHARMA,0,0,Non,0,46072
6381683,BIBERON BEBE CONFORT,,BIBERON BEBE CONFORT,PARAPHARMA,PARAPHARMA,50000,32500,Non,1,47635
bibr00004,BIBERON BEBIKR,,BIBERON BEBIKR,PARAPHARMA,PARAPHARMA,70000,50000,Non,4,49644
biber00003,BIBERON CHICA 150ML,,BIBERON CHICA 150ML,PARAPHARMA,PARAPHARMA,50000,35500,Non,2,47818
bibero1000,BIBERON CHICA 250ML,,BIBERON CHICA 250ML,PARAPHARMA,PARAPHARMA,70000,50000,Non,5,47818
bibn°00001,BIBERON CHICA 250ML,,BIBERON CHICA 250ML,PARAPHARMA,PARAPHARMA,0,0,Non,0,47818
biberon1,BIBERON CHICA 280ML,,BIBERON CHICA 280ML,PARAPHARMA,PARAPHARMA,80000,57000,Non,6,47818
bibr000001,BIBERON CHICO 150ML,,BIBERON CHICO 150ML,PARAPHARMA,PARAPHARMA,90000,64000,Non,5,49644
bibr00002,BIBERON CHICO 240ML,,BIBERON CHICO 240ML,PARAPHARMA,PARAPHARMA,130000,92500,Non,5,49644
bibr00003,BIBERON CHICO 250ML,,BIBERON CHICO 250ML,PARAPHARMA,PARAPHARMA,150000,100000,Non,6,49644
bibr000012,BIBERON CHICO 280ML,,BIBERON CHICO 280ML,PARAPHARMA,PARAPHARMA,80000,57000,Non,6,49644
BIBERON003,BIBERON DBD,,BIBERON DBD,PARAPHARMA,PARAPHARMA,40000,28000,Non,4,47818
2592999,BIBERON DRAMA SILICON,,BIBERON DRAMA SILICON,PARAPHARMA,PARAPHARMA,120000,0,Non,1,53236
BBN0010,BIBERON EASY CARE,,BIBERON EASY CARE,PARAPHARMA,PARAPHARMA,35000,0,Non,0,51167
CREA004,BIBERON ENABALE,,BIBERON ENABALE,PARAPHARMA,PARAPHARMA,90000,20000,Non,0,51227
BIBERON002,BIBERON FAIRE Y PRINCE,,BIBERON FAIRE Y PRINCE,PARAPHARMA,PARAPHARMA,40000,28000,Non,0,47818
biber00012,BIBERON FOODE FEEDER,,BIBERON FOODE FEEDER,PARAPHARMA,PARAPHARMA,50000,35500,Non,2,49644
4263826,BIBERON FREE,,BIBERON FREE,PARAPHARMA,PARAPHARMA,220000,0,Non,2,52963
biber00013,BIBERON GALL-SILLICONE MILK BOTTLE,,BIBERON GALL-SILLICONE MILK BOTTLE,PARAPHARMA,PARAPHARMA,60000,42500,Non,3,49644
BIBERON006,BIBERON INFANT,,BIBERON INFANT,PARAPHARMA,PARAPHARMA,40000,28000,Non,5,47818
biber0004,BIBERON KIN-SUN,,BIBERON KIN-SUN,PARAPHARMA,PARAPHARMA,45000,32000,Non,0,49644
BIBERON005,BIBERON LOGAO,,BIBERON LOGAO,PARAPHARMA,PARAPHARMA,30000,21000,Non,5,47818
BIBE006,BIBERON LONDONY,,BIBERON LONDONY,PARAPHARMA,PARAPHARMA,80000,15000,Non,2,47515
bibr000014,BIBERON M S E,,BIBERON M S E,PARAPHARMA,PARAPHARMA,60000,42000,Non,4,49644
bibr00005,BIBERON MAM,,BIBERON MAM,PARAPHARMA,PARAPHARMA,60000,42500,Non,4,49644
66674411,BIBERON MINIK DINOZORLOIR,,BIBERON MINIK DINOZORLOIR,PARAPHARMA,PARAPHARMA,120000,20000,Non,0,47635
BIB00004,BIBERON MINITREE 330ML,,BIBERON MINITREE 330ML,PARAPHARMA,PARAPHARMA,30000,21000,Non,0,47818
bib1,BIBERON MINITUTU,,BIBERON MINITUTU,PARAPHARMA,PARAPHARMA,40000,28500,Non,5,47818
bibr100001,BIBERON MOME EASY,,BIBERON MOME EASY,PARAPHARMA,PARAPHARMA,0,0,Non,0,49644
biber0001,BIBERON MOME EASY 240ML,,BIBERON MOME EASY 240ML,PARAPHARMA,PARAPHARMA,35000,25000,Non,3,49644
bibr000021,BIBERON MOME EASY 300ML,,BIBERON MOME EASY 300ML,PARAPHARMA,PARAPHARMA,35000,25000,Non,4,49644
biber00006,BIBERON MOME EASY LOT DE 2,,BIBERON MOME EASY LOT DE 2,PARAPHARMA,PARAPHARMA,60000,42500,Non,5,49644
biber00005,BIBERON N°10,,BIBERON N°10,PARAPHARMA,PARAPHARMA,30000,20500,Non,2,49644
bbi00001,BIBERON N°19,,BIBERON N°19,PARAPHARMA,PARAPHARMA,40000,28500,Non,0,47818
BIB0001,BIBERON N°20,,BIBERON N°20,PARAPHARMA,PARAPHARMA,45000,32000,Non,1,47818
biberon001,BIBERON N°9,,BIBERON N°9,PARAPHARMA,PARAPHARMA,30000,20500,Non,5,47818
BBN007,BIBERON N8,,BIBERON N8,PARAPHARMA,PARAPHARMA,40000,28500,Non,3,51185
BBN0016,BIBERON NO11,,BIBERON NO11,PARAPHARMA,PARAPHARMA,40000,28000,Non,1,47818
BBN0013,BIBERON NO12,,BIBERON NO12,PARAPHARMA,PARAPHARMA,40000,28,Non,0,47836
BBN0011,BIBERON NO14,,BIBERON NO14,PARAPHARMA,PARAPHARMA,50000,35000,Non,1,47818
BBN0012,BIBERON NO15,,BIBERON NO15,PARAPHARMA,PARAPHARMA,40000,28000,Non,1,47818
BBN015,BIBERON NO18,,BIBERON NO18,PARAPHARMA,PARAPHARMA,50000,34500,Non,3,47818
BBN002,BIBERON NO2,,BIBERON NO2,PARAPHARMA,PARAPHARMA,40000,28000,Non,2,51185
BBN003,BIBERON NO3,,BIBERON NO3,PARAPHARMA,PARAPHARMA,0,0,Non,0,51185
BBN004,BIBERON NO4,,BIBERON NO4,PARAPHARMA,PARAPHARMA,20000,12000,Non,3,51185
BBN005,BIBERON NO5,,BIBERON NO5,PARAPHARMA,PARAPHARMA,40000,28000,Non,1,51185
BBN6,BIBERON NO6,,BIBERON NO6,PARAPHARMA,PARAPHARMA,86000,56000,Non,0,51185
BIOS002,BIBERON NUK,,BIBERON NUK,PARAPHARMA,PARAPHARMA,80000,15000,Non,0,47543
BIBE002,BIBERON PLAYTEX,,BIBERON PLAYTEX,PARAPHARMA,PARAPHARMA,50000,22000,Non,0,47604
BIBE004,BIBERON PRETY,,BIBERON PRETY,PARAPHARMA,PARAPHARMA,45000,20000,Non,0,47604
SANO02,BIBERON SIBEIER 120ML,,BIBERON SIBEIER 120ML,PARAPHARMA,PARAPHARMA,35000,0,Non,0,46753
BBN0020,BIBERON SIBEIER 240ML,,BIBERON SIBEIER 240ML,PARAPHARMA,PARAPHARMA,50000,35500,Non,1,51185
136490,BIBERON SMART BEBE 280ML VERRE,,BIBERON SMART BEBE 280ML VERRE,PARAPHARMA,PARAPHARMA,60000,38500,Non,0,47484
BIB00005,BIBERON SWEET BABY 150ML,,BIBERON SWEET BABY 150ML,PARAPHARMA,PARAPHARMA,30000,21000,Non,3,47818
BIB00001,BIBERON SWEET BABY 300ML,,BIBERON SWEET BABY 300ML,PARAPHARMA,PARAPHARMA,40000,28500,Non,0,47818
bibr000007,BIBERON TWISTSHAK,,BIBERON TWISTSHAK,PARAPHARMA,PARAPHARMA,0,0,Non,0,49644
bibr000010,BIBERON TWISTSHAK 180ML,,BIBERON TWISTSHAK 180ML,PARAPHARMA,PARAPHARMA,80000,55000,Non,6,49644
BIBR00006,BIBERON TWISTSHAK 260ML,,BIBERON TWISTSHAK 260ML,PARAPHARMA,PARAPHARMA,120000,85000,Non,4,49644
BIBR007,BIBERON VERRE 150ML,,BIBERON VERRE 150ML,PARAPHARMA,PARAPHARMA,40000,0,Non,0,45231
BIBE001,BIBERON WEE BABY,,BIBERON WEE BABY,PARAPHARMA,PARAPHARMA,30000,22000,Non,6,47515
biber00002,BIBERON WIDE CALIBER 180ML,,BIBERON WIDE CALIBER 180ML,PARAPHARMA,PARAPHARMA,70000,50000,Non,3,49644
biber012,BIBERON WIDE CALIBER 240ML,,BIBERON WIDE CALIBER 240ML,PARAPHARMA,PARAPHARMA,90000,64000,Non,2,49644
bibr000032,BIBERON YESELINO,,BIBERON YESELINO,PARAPHARMA,PARAPHARMA,60000,42000,Non,3,49644
1600010,BIEN-ÉTRE GM 500ML,,BIEN-ÉTRE GM 500ML,PARAPHARMA,PARAPHARMA,90000,0,Non,0,44044
1550025,BIEN-ÉTRE PM 250ML,,BIEN-ÉTRE PM 250ML,PARAPHARMA,PARAPHARMA,64000,0,Non,0,44044
4404188,BIODERMA CREALINE,,BIODERMA CREALINE,PARAPHARMA,PARAPHARMA,150000,0,Non,3,47818
9200025,BIODERMA CREME ULTRA,,BIODERMA CREME ULTRA,PARAPHARMA,PARAPHARMA,180000,0,Non,2,47484
8100108,BIODERMA SEBIUM,,BIODERMA SEBIUM,PARAPHARMA,PARAPHARMA,150000,0,Non,2,47727
biscuit01,BISCUIT BELVITA,,BISCUIT BELVITA,PARAPHARMA,PARAPHARMA,50000,35500,Non,7,46296
bled000002,BISCUIT BLEDI,,BISCUIT BLEDI,PARAPHARMA,PARAPHARMA,40000,28000,Non,24,46327
biscuit005,BISCUIT BN,,BISCUIT BN,PARAPHARMA,PARAPHARMA,30000,21000,Non,9,46388
CHOCOG0001,BISCUIT CHOCOGRANI,,BISCUIT CHOCOGRANI,PARAPHARMA,PARAPHARMA,35000,25000,Non,22,46266
biscuitcl,BISCUIT CLASSIC BISCUITHÉ,,BISCUIT CLASSIC BISCUITHÉ,PARAPHARMA,PARAPHARMA,60000,42000,Non,3,46357
biscuit001,BISCUIT CRACOTTE,,BISCUIT CRACOTTE,PARAPHARMA,PARAPHARMA,50000,35500,Non,2,46388
bis0000002,BISCUIT DEGUSTATION,,BISCUIT DEGUSTATION,PARAPHARMA,PARAPHARMA,35000,25000,Non,20,46327
bscuit0006,BISCUIT DUO,,BISCUIT DUO,PARAPHARMA,PARAPHARMA,25000,17000,Non,12,46419
GRANO00001,BISCUIT GRANOLA,,BISCUIT GRANOLA,PARAPHARMA,PARAPHARMA,30000,21000,Non,13,47727
biscuit004,BISCUIT KINDER DUO,,BISCUIT KINDER DUO,PARAPHARMA,PARAPHARMA,60000,42000,Non,2,46631
biscuit t1,BISCUIT LES TABLETTES,,BISCUIT LES TABLETTES,PARAPHARMA,PARAPHARMA,30000,21000,Non,16,46388
6001025,BISCUIT MANO BN FRAISE,,BISCUIT MANO BN FRAISE,PARAPHARMA,PARAPHARMA,30000,0,Non,0,45992
biscuitmi1,BISCUIT MINI BN COEUR AU LAIT,,BISCUIT MINI BN COEUR AU LAIT,PARAPHARMA,PARAPHARMA,30000,21000,Non,9,46388
BISCMON001,BISCUIT MON 1E BOUDOIR,,BISCUIT MON 1E BOUDOIR,PARAPHARMA,PARAPHARMA,40000,32000,Non,4,46252
BISCT002,BISCUIT NUTELLA,,BISCUIT NUTELLA,PARAPHARMA,PARAPHARMA,15000,10500,Non,0,46204
nutell0001,BISCUIT NUTELLA BISCUIT,,BISCUIT NUTELLA BISCUIT,PARAPHARMA,PARAPHARMA,70000,50000,Non,0,46204
BISCUITOR1,BISCUIT OREO ORIGINAL,,BISCUIT OREO ORIGINAL,PARAPHARMA,PARAPHARMA,60000,42000,Non,4,46388
BISCUIT012,BISCUIT PETIT BEURRE MAXI PACK,,BISCUIT PETIT BEURRE MAXI PACK,PARAPHARMA,PARAPHARMA,50000,35500,Non,0,46357
BISCUIT003,BISCUIT PETIT BOEURRE,,BISCUIT PETIT BOEURRE,PARAPHARMA,PARAPHARMA,40000,28000,Non,7,46722
biscuit002,BISCUIT PETIT D'OR,,BISCUIT PETIT D'OR,PARAPHARMA,PARAPHARMA,30000,21000,Non,1,46419
bsct00001,BISCUIT PETIT ECOLIER,,BISCUIT PETIT ECOLIER,PARAPHARMA,PARAPHARMA,30000,21000,Non,0,46174
bisct01,BISCUIT SAINT MICHEL,,BISCUIT SAINT MICHEL,PARAPHARMA,PARAPHARMA,35000,25000,Non,12,46327
bisct0001,BISCUIT SAVANE,,BISCUIT SAVANE,PARAPHARMA,PARAPHARMA,50000,35500,Non,18,46266
BLEDJ10004,BLEDIDEJ BRIOCHE,,BLEDIDEJ BRIOCHE,PARAPHARMA,PARAPHARMA,70000,50000,Non,1,46296
BLEDJ20000,BLEDIDEJ CARAMEL,,BLEDIDEJ CARAMEL,PARAPHARMA,PARAPHARMA,70000,50000,Non,5,46296
BLEDJ10003,BLEDIDEJ CEREALES,,BLEDIDEJ CEREALES,PARAPHARMA,PARAPHARMA,70000,50000,Non,14,46306
BLEDRR,BLEDIDEJ MADELAINE,,BLEDIDEJ MADELAINE,PARAPHARMA,PARAPHARMA,70000,50000,Non,14,46296
BLEDIL2100,BLEDILAIT CROISSANCE 400G,,BLEDILAIT CROISSANCE 400G,PARAPHARMA,PARAPHARMA,70000,50000,Non,0,46447
BLDC0002,BLEDILAIT CROISSANCE 900G,,BLEDILAIT CROISSANCE 900G,PARAPHARMA,PARAPHARMA,130000,92000,Non,4,46548
BDL1000,BLEDILAIT N°1 900G,,BLEDILAIT N°1 900G,PARAPHARMA,PARAPHARMA,220000,178000,Non,17,46478
BLDA100002,BLEDINA 1°SOUFLES,,BLEDINA 1°SOUFLES,PARAPHARMA,PARAPHARMA,20000,12000,Non,0,46296
BLDN120000,BLEDINA BRASSE BANANE,,BLEDINA BRASSE BANANE,PARAPHARMA,PARAPHARMA,45000,32000,Non,0,46195
BLEDIN001,BLEDINA BRASSES  ABRICOT,,BLEDINA BRASSES  ABRICOT,PARAPHARMA,PARAPHARMA,45000,32000,Non,-1,46174
BDLAIT0002,BLEDINA BRASSES FRAMBOISE  FRAISES,,BLEDINA BRASSES FRAMBOISE  FRAISES,PARAPHARMA,PARAPHARMA,45000,32000,Non,25,46305
BLEDIN1001,BLEDINA BRASSES MANGUE  PECHE,,BLEDINA BRASSES MANGUE  PECHE,PARAPHARMA,PARAPHARMA,45000,32000,Non,2,46270
BLEDIN2000,BLEDINA BRASSES VANILLE,,BLEDINA BRASSES VANILLE,PARAPHARMA,PARAPHARMA,45000,32000,Non,11,46234
bl000001,BLEDINA CEREALES COMPLETES AU CACAO,,BLEDINA CEREALES COMPLETES AU CACAO,PARAPHARMA,PARAPHARMA,30000,21000,Non,1,46204
BLD C00001,BLEDINA COMPOTE CAROTTES PATATES DOUCES LOT 2,,BLEDINA COMPOTE CAROTTES PATATES DOUCES LOT 2,PARAPHARMA,PARAPHARMA,45000,32000,Non,1,46539
BLDNA001,BLEDINA COMPOTE CAROTTES SEMOULE DINDE LOT 2,,BLEDINA COMPOTE CAROTTES SEMOULE DINDE LOT 2,PARAPHARMA,PARAPHARMA,45000,32000,Non,6,46508
BLEDIN0003,BLEDINA COMPOTE COCKTAIL FRUITS,,BLEDINA COMPOTE COCKTAIL FRUITS,PARAPHARMA,PARAPHARMA,50000,35500,Non,5,46569
BLNA0001,"BLEDINA COMPOTE HARICOTS VERT,CAROTTES,VEAU",,"BLEDINA COMPOTE HARICOTS VERT,CAROTTES,VEAU",PARAPHARMA,PARAPHARMA,45000,32000,Non,-6,46357
BLEDINA1,BLEDINA COMPOTE HARMONIE DE FRUITS,,BLEDINA COMPOTE HARMONIE DE FRUITS,PARAPHARMA,PARAPHARMA,45000,32000,Non,6,46388
bldna00004,BLEDINA COMPOTE JARDINIERES DE LEGUMES BOEUF,,BLEDINA COMPOTE JARDINIERES DE LEGUMES BOEUF,PARAPHARMA,PARAPHARMA,45000,32000,Non,7,46447
bldna0004,BLEDINA COMPOTE JARDINIERES DE LEGUMES POULET,,BLEDINA COMPOTE JARDINIERES DE LEGUMES POULET,PARAPHARMA,PARAPHARMA,45000,32000,Non,17,46478
bldna0002,"BLEDINA COMPOTE LEGUMES VERTS,POULET",,"BLEDINA COMPOTE LEGUMES VERTS,POULET",PARAPHARMA,PARAPHARMA,45000,32000,Non,7,46478
BLENA01,BLEDINA COMPOTE LOT 1,,BLEDINA COMPOTE LOT 1,PARAPHARMA,PARAPHARMA,20000,14000,Non,9,46419
bledina120,BLEDINA COMPOTE LOT DE 2 BANANE,,BLEDINA COMPOTE LOT DE 2 BANANE,PARAPHARMA,PARAPHARMA,30000,21000,Non,0,46447
BLN1200000,BLEDINA COMPOTE LOT DE 4,,BLEDINA COMPOTE LOT DE 4,PARAPHARMA,PARAPHARMA,100000,71000,Non,1,46327
bdlc000001,BLEDINA COMPOTE LOT DE 8,,BLEDINA COMPOTE LOT DE 8,PARAPHARMA,PARAPHARMA,180000,128500,Non,11,46357
bldna00002,BLEDINA COMPOTE MOUSSELINE DE RATATOUILLE,,BLEDINA COMPOTE MOUSSELINE DE RATATOUILLE,PARAPHARMA,PARAPHARMA,45000,0,Non,1,46478
N°00000004,BLEDINA COMPOTE POMME,,BLEDINA COMPOTE POMME,PARAPHARMA,PARAPHARMA,0,0,Non,0,46997
BLNA02,BLEDINA COMPOTE POMME FRAISE BANANE,,BLEDINA COMPOTE POMME FRAISE BANANE,PARAPHARMA,PARAPHARMA,45000,32000,Non,0,46296
BLDA100000,BLEDINA COMPOTE POMME FRAISES,,BLEDINA COMPOTE POMME FRAISES,PARAPHARMA,PARAPHARMA,45000,32000,Non,0,46235
BLNA010000,BLEDINA COMPOTE POMME KIWIS ANANAS,,BLEDINA COMPOTE POMME KIWIS ANANAS,PARAPHARMA,PARAPHARMA,45000,32000,Non,0,46296
BLNA100002,BLEDINA COMPOTE POMME MANGUE,,BLEDINA COMPOTE POMME MANGUE,PARAPHARMA,PARAPHARMA,50000,35500,Non,1,46600
BLEDIN0002,BLEDINA COMPOTE POMME MANGUE,,BLEDINA COMPOTE POMME MANGUE,PARAPHARMA,PARAPHARMA,50000,35500,Non,0,46388
BLN1000000,BLEDINA COMPOTE POMME MANGUE PASSION,,BLEDINA COMPOTE POMME MANGUE PASSION,PARAPHARMA,PARAPHARMA,45000,32000,Non,5,46419
BLEDINA003,BLEDINA COMPOTE POMME PECHE FRAISE,,BLEDINA COMPOTE POMME PECHE FRAISE,PARAPHARMA,PARAPHARMA,45000,32000,Non,0,46388
bled0074,BLEDINA COMPOTE POMME POIRE MANDARINE,,BLEDINA COMPOTE POMME POIRE MANDARINE,PARAPHARMA,PARAPHARMA,45000,0,Non,6,46388
bleda00001,BLEDINA COMPOTE PUREE DE PANAIS DINDE,,BLEDINA COMPOTE PUREE DE PANAIS DINDE,PARAPHARMA,PARAPHARMA,45000,32000,Non,18,46357
BLDNA01,BLEDINA COMPOTE TOMATES RIZ POULET,,BLEDINA COMPOTE TOMATES RIZ POULET,PARAPHARMA,PARAPHARMA,45000,32000,Non,4,46508
bled000003,BLEDINA DOUCEUR VANILLE,,BLEDINA DOUCEUR VANILLE,PARAPHARMA,PARAPHARMA,60000,42000,Non,0,46296
BLN G00001,BLEDINA GOURDE LACTEE,,BLEDINA GOURDE LACTEE,PARAPHARMA,PARAPHARMA,100000,70000,Non,0,46204
blnav00002,BLEDINA MINI LACTE VANILLE,,BLEDINA MINI LACTE VANILLE,PARAPHARMA,PARAPHARMA,50000,35500,Non,9,46296
bledina01,BLEDINA PETIT DEJ,,BLEDINA PETIT DEJ,PARAPHARMA,PARAPHARMA,50000,35500,Non,0,46327
BLEDIN0004,BLEDINA POMME POIRE,,BLEDINA POMME POIRE,PARAPHARMA,PARAPHARMA,0,0,Non,0,46419
bldna00003,"BLEDINA PUREE AUBERGINES,TOMATES,AGNEAU",,"BLEDINA PUREE AUBERGINES,TOMATES,AGNEAU",PARAPHARMA,PARAPHARMA,45000,32000,Non,0,46357
comp sal01,BLEDINA SALADE DE LENTILLES,,BLEDINA SALADE DE LENTILLES,PARAPHARMA,PARAPHARMA,40000,28000,Non,2,46327
BLNE0001,BLEDINE BANANE LAIT,,BLEDINE BANANE LAIT,PARAPHARMA,PARAPHARMA,40000,28500,Non,19,46388
N°0000002,BLEDINE CACAO BISCUITE,,BLEDINE CACAO BISCUITE,PARAPHARMA,PARAPHARMA,60000,42000,Non,6,46388
BLD FRT,BLEDINE FRUITS LAIT,,BLEDINE FRUITS LAIT,PARAPHARMA,PARAPHARMA,40000,28500,Non,14,46631
N°00000003,BLEDINE MULTICEREALES,,BLEDINE MULTICEREALES,PARAPHARMA,PARAPHARMA,60000,42000,Non,3,46357
bldne10001,BLEDINE SAVEUR BISCUIT IMPO,,BLEDINE SAVEUR BISCUIT IMPO,PARAPHARMA,PARAPHARMA,60000,42500,Non,21,46478
NESTL20000,BLEDINE SAVEUR VANILLE GOURMANDE IMPO,,BLEDINE SAVEUR VANILLE GOURMANDE IMPO,PARAPHARMA,PARAPHARMA,60000,42500,Non,15,46478
BLDNE10000,BLEDINE SAVEUR VANILLE IMPO,,BLEDINE SAVEUR VANILLE IMPO,PARAPHARMA,PARAPHARMA,60000,42500,Non,2,46388
BDL01,BLEDINER CAROTTES PETITS POIS,,BLEDINER CAROTTES PETITS POIS,PARAPHARMA,PARAPHARMA,40000,28500,Non,1,46235
BDLNER0001,BLEDINER LEGUMES VARIES,,BLEDINER LEGUMES VARIES,PARAPHARMA,PARAPHARMA,40000,28000,Non,0,46235
BLNER0001,BLEDINER POTIRON,,BLEDINER POTIRON,PARAPHARMA,PARAPHARMA,40000,28500,Non,0,46188
BODY0003,BOBY NASAL ASPIRATOR,,BOBY NASAL ASPIRATOR,PARAPHARMA,PARAPHARMA,150000,100000,Non,3,49644
BACT009,BOL ALVARE,,BOL ALVARE,PARAPHARMA,PARAPHARMA,50000,0,Non,4,47543
ISAN002,BOL BOWL SET,,BOL BOWL SET,PARAPHARMA,PARAPHARMA,50000,0,Non,24,51867
8081031,BOL GOOD-LIFE,,BOL GOOD-LIFE,PARAPHARMA,PARAPHARMA,40000,0,Non,0,47818
IRIS002,BOL KALAS,,BOL KALAS,PARAPHARMA,PARAPHARMA,50000,0,Non,7,51441
278187,BOL MIKEY COMPLET,,BOL MIKEY COMPLET,PARAPHARMA,PARAPHARMA,50000,0,Non,0,51380
7423688,BOL SPIDERMAN COMPLET,,BOL SPIDERMAN COMPLET,PARAPHARMA,PARAPHARMA,50000,0,Non,0,51471
217094,BRISTEL LAVE BIBERON,,BRISTEL LAVE BIBERON,PARAPHARMA,PARAPHARMA,45000,0,Non,0,53114
BACT010,BROSSE CHOFR,,BROSSE CHOFR,PARAPHARMA,PARAPHARMA,15000,0,Non,0,47239
4077481,BROSSE CLASSIC,,BROSSE CLASSIC,PARAPHARMA,PARAPHARMA,20000,0,Non,0,47484
BR45,BROSSE COLGATE CHARBON,,BROSSE COLGATE CHARBON,PARAPHARMA,PARAPHARMA,10000,7000,Non,6,47818
594127,BROSSE COLGATE CLASSIQUE,,BROSSE COLGATE CLASSIQUE,PARAPHARMA,PARAPHARMA,10000,7500,Non,2,47515
PRES004,BROSSE COLGATE DOUBLE ACTION,,BROSSE COLGATE DOUBLE ACTION,PARAPHARMA,PARAPHARMA,10000,5000,Non,18,47604
BROS007,BROSSE COLGATE ENFANT 2-5 ANS,,BROSSE COLGATE ENFANT 2-5 ANS,PARAPHARMA,PARAPHARMA,20000,7500,Non,3,47788
SAIR001,BROSSE COLGATE INTENSE LOT3,,BROSSE COLGATE INTENSE LOT3,PARAPHARMA,PARAPHARMA,50000,0,Non,0,46388
PROT005,BROSSE COLGATE MEDIUM LOT DE 2,,BROSSE COLGATE MEDIUM LOT DE 2,PARAPHARMA,PARAPHARMA,20000,0,Non,-2,46388
COLG012,BROSSE COLGATE ZIGZAG,,BROSSE COLGATE ZIGZAG,PARAPHARMA,PARAPHARMA,20000,13500,Non,0,47574
BROS001,BROSSE CONCORD,,BROSSE CONCORD,PARAPHARMA,PARAPHARMA,20000,15000,Non,0,45658
LUN0002,BROSSE DE NETOYAGE BABY SILICONE,,BROSSE DE NETOYAGE BABY SILICONE,PARAPHARMA,PARAPHARMA,30000,0,Non,0,47696
6100212,BROSSE DE NETOYAGE TAMME TOOPE,,BROSSE DE NETOYAGE TAMME TOOPE,PARAPHARMA,PARAPHARMA,40000,0,Non,0,47696
27557,BROSSE DE NETTOYAGE BIBERON,,BROSSE DE NETTOYAGE BIBERON,PARAPHARMA,PARAPHARMA,30000,0,Non,0,46753
brosse den,BROSSE DENTALUX ENFANT,,BROSSE DENTALUX ENFANT,PARAPHARMA,PARAPHARMA,0,0,Non,-1,47818
brosse jun,BROSSE DENTALUX JUNIOR EXTRA SOUPLE,,BROSSE DENTALUX JUNIOR EXTRA SOUPLE,PARAPHARMA,PARAPHARMA,0,0,Non,-1,47818
BR9854,BROSSE DENTILEX LOT DE 2,,BROSSE DENTILEX LOT DE 2,PARAPHARMA,PARAPHARMA,30000,0,Non,33,47484
KRUG004,BROSSE DR ORAL,,BROSSE DR ORAL,PARAPHARMA,PARAPHARMA,10000,0,Non,2,51714
BR0059,BROSSE ELECTRIQUE MONSTERS,,BROSSE ELECTRIQUE MONSTERS,PARAPHARMA,PARAPHARMA,120000,0,Non,12,47484
bros00001,BROSSE ENFANT 23,,BROSSE ENFANT 23,PARAPHARMA,PARAPHARMA,10000,7000,Non,14,49644
643,BROSSE ENFANT 3ANS,,BROSSE ENFANT 3ANS,PARAPHARMA,PARAPHARMA,15000,10500,Non,2,47818
BR004,BROSSE EURODONT,,BROSSE EURODONT,PARAPHARMA,PARAPHARMA,30000,0,Non,32,47484
BROS002,BROSSE JUNIOR KIDS,,BROSSE JUNIOR KIDS,PARAPHARMA,PARAPHARMA,30000,0,Non,0,45658
PRES015,BROSSE LONGRISH,,BROSSE LONGRISH,PARAPHARMA,PARAPHARMA,15000,0,Non,0,46388
8942,BROSSE MAXI WORD,,BROSSE MAXI WORD,PARAPHARMA,PARAPHARMA,20000,0,Non,10,47484
KRUG002,BROSSE MOMBEYA,,BROSSE MOMBEYA,PARAPHARMA,PARAPHARMA,5000,0,Non,0,52018
bross01,BROSSE OPTIMALE,,BROSSE OPTIMALE,PARAPHARMA,PARAPHARMA,150000,105000,Non,12,47818
KAMA004,BROSSE RIDENT LOT 4,,BROSSE RIDENT LOT 4,PARAPHARMA,PARAPHARMA,50000,0,Non,0,51196
BALE004,BROSSE SANAMA,,BROSSE SANAMA,PARAPHARMA,PARAPHARMA,20000,0,Non,1,47665
4005590,BROSSE SENSITIVE,,BROSSE SENSITIVE,PARAPHARMA,PARAPHARMA,20000,0,Non,2,51471
VIKI001,BROSSE SENSODYNE,,BROSSE SENSODYNE,PARAPHARMA,PARAPHARMA,20000,0,Non,0,46813
90004576,BROSSE SIGNAL 7ANS,,BROSSE SIGNAL 7ANS,PARAPHARMA,PARAPHARMA,25000,0,Non,0,46388
FLEX007,BROSSE SIGNAL CLASSIC CLEAN,,BROSSE SIGNAL CLASSIC CLEAN,PARAPHARMA,PARAPHARMA,25000,0,Non,3,46753
BROS006,BROSSE SIGNAL EASY CLEAN,,BROSSE SIGNAL EASY CLEAN,PARAPHARMA,PARAPHARMA,20000,0,Non,3,46388
BROSS00001,BROSSE SIGNAL ENFANT 6-13 ANS,,BROSSE SIGNAL ENFANT 6-13 ANS,PARAPHARMA,PARAPHARMA,30000,21000,Non,3,47818
141,BROSSE SIGNAL EXTRA CLEAN,,BROSSE SIGNAL EXTRA CLEAN,PARAPHARMA,PARAPHARMA,20000,0,Non,0,46997
9054829,BROSSE SIGNAL LOT DE 4,,BROSSE SIGNAL LOT DE 4,PARAPHARMA,PARAPHARMA,50000,0,Non,0,47484
BISCUIT000,BROSSE SIGNAL ULTRA ACCESS,,BROSSE SIGNAL ULTRA ACCESS,PARAPHARMA,PARAPHARMA,25000,0,Non,9,47665
6840566,BROSSE SIGNAL X TRACLEAN,,BROSSE SIGNAL X TRACLEAN,PARAPHARMA,PARAPHARMA,25000,0,Non,3,47484
BALE002,BROSSE SIMPLE CHOISE SENSITIVE,,BROSSE SIMPLE CHOISE SENSITIVE,PARAPHARMA,PARAPHARMA,20000,0,Non,5,47484
170296,BROSSE TRISA,,BROSSE TRISA,PARAPHARMA,PARAPHARMA,20000,0,Non,2,47484
40092,BRU A LEVRE LIP BALM NATURAL,,BRU A LEVRE LIP BALM NATURAL,PARAPHARMA,PARAPHARMA,20000,0,Non,0,46997
41091,BRU A LEVRE LIP BALM PEARL SHINE,,BRU A LEVRE LIP BALM PEARL SHINE,PARAPHARMA,PARAPHARMA,20000,0,Non,0,46388
7302111,BRU A LEVRE LIP BALM STRAWBERY,,BRU A LEVRE LIP BALM STRAWBERY,PARAPHARMA,PARAPHARMA,20000,0,Non,0,47484
PARF008,BRU A LEVRE VASELINE,,BRU A LEVRE VASELINE,PARAPHARMA,PARAPHARMA,20000,0,Non,0,46478
BRUT001,BRUT EAU DE COLOGNE,,BRUT EAU DE COLOGNE,PARAPHARMA,PARAPHARMA,75000,0,Non,0,43831
CAND0001,CANDIA DETAILLE,,CANDIA DETAILLE,PARAPHARMA,PARAPHARMA,15000,10000,Non,-25,46266
CANDJ0000,CANDJA N°2 PACK,,CANDJA N°2 PACK,PARAPHARMA,PARAPHARMA,220000,140000,Non,0,46296
CANDJ,CANDJA N°3 PACK,,CANDJA N°3 PACK,PARAPHARMA,PARAPHARMA,220000,160000,Non,1,46257
CANDJ00003,CANDJA N°4 PACK,,CANDJA N°4 PACK,PARAPHARMA,PARAPHARMA,220000,150000,Non,1,46276
3160514,CANTU CREME CHEVEUEX,,CANTU CREME CHEVEUEX,PARAPHARMA,PARAPHARMA,130000,37165,Non,4,48458
792561,CANTU HYDRATANT CREME,,CANTU HYDRATANT CREME,PARAPHARMA,PARAPHARMA,100000,1000,Non,0,47604
595933,CANTU SHAMPOOING CHEVEUX,,CANTU SHAMPOOING CHEVEUX,PARAPHARMA,PARAPHARMA,100000,14000,Non,1,47696
497182,CAPRISUM MULTIVITAMINE,,CAPRISUM MULTIVITAMINE,PARAPHARMA,PARAPHARMA,65000,0,Non,30,46539
NUTR001,CAPRISUM SUPER PAWER,,CAPRISUM SUPER PAWER,PARAPHARMA,PARAPHARMA,65000,1200,Non,0,46174
4360056,CAPRISUN MONSTER ALARM,,CAPRISUN MONSTER ALARM,PARAPHARMA,PARAPHARMA,65000,0,Non,0,46174
capsun0002,CAPRISUN MYSTIC DRAGON,,CAPRISUN MYSTIC DRAGON,PARAPHARMA,PARAPHARMA,60000,42500,Non,0,46296
caps000000,CAPRISUN ZERO,,CAPRISUN ZERO,PARAPHARMA,PARAPHARMA,60000,42500,Non,0,46296
CAVAILL001,CAVAILLES SOIN LAVANT INTIME,,CAVAILLES SOIN LAVANT INTIME,PARAPHARMA,PARAPHARMA,90000,64000,Non,2,47818
68401108,CERAVE ANTI-RUGOSITES,,CERAVE ANTI-RUGOSITES,PARAPHARMA,PARAPHARMA,240000,0,Non,2,47484
6840016,CERAVE HYDRATANT,,CERAVE HYDRATANT,PARAPHARMA,PARAPHARMA,180000,0,Non,1,47484
6840122,CERAVE LOTION,,CERAVE LOTION,PARAPHARMA,PARAPHARMA,160000,0,Non,0,47484
CERELAC001,CERELAC BLE  LAIT SACHET,,CERELAC BLE  LAIT SACHET,PARAPHARMA,PARAPHARMA,25000,17500,Non,14,46447
3555736,CHATEAU ROGE CREME,,CHATEAU ROGE CREME,PARAPHARMA,PARAPHARMA,180000,35000,Non,1,47484
3016614,CHATEAU ROGE LAIT HYDRATANT,,CHATEAU ROGE LAIT HYDRATANT,PARAPHARMA,PARAPHARMA,243000,20000,Non,0,46997
5960028,CHATEAU ROUGE CREME,,CHATEAU ROUGE CREME,PARAPHARMA,PARAPHARMA,250000,0,Non,0,44927
5960035,CHATEAU ROUGE LAIT,,CHATEAU ROUGE LAIT,PARAPHARMA,PARAPHARMA,250000,0,Non,0,43831
chica00001,CHICA COUSSINAIT ALLAITEMENT,,CHICA COUSSINAIT ALLAITEMENT,PARAPHARMA,PARAPHARMA,100000,70000,Non,3,47818
ANIO003,CHIPS A L'ANCIENE,,CHIPS A L'ANCIENE,PARAPHARMA,PARAPHARMA,20000,0,Non,0,46447
chips00001,CHIPS DIPSTER,,CHIPS DIPSTER,PARAPHARMA,PARAPHARMA,30000,21000,Non,37,46296
9005623,CICA PLAST + BAUME B5,,CICA PLAST + BAUME B5,PARAPHARMA,PARAPHARMA,100000,0,Non,0,47484
bis0000001,CLASSIC MILKY,,CLASSIC MILKY,PARAPHARMA,PARAPHARMA,30000,21000,Non,11,46296
741022,CLOSE UP CINNAMON RED GEL,,CLOSE UP CINNAMON RED GEL,PARAPHARMA,PARAPHARMA,50000,0,Non,0,43983
9077000,COLGATE BAIN DE BOUCHE 500ML,,COLGATE BAIN DE BOUCHE 500ML,PARAPHARMA,PARAPHARMA,50000,23000,Non,0,46478
76616,COLGATE BROSSE 360,,COLGATE BROSSE 360,PARAPHARMA,PARAPHARMA,20000,15000,Non,3,49369
1228511,COLGATE PATE TOTAL 75ML,,COLGATE PATE TOTAL 75ML,PARAPHARMA,PARAPHARMA,25000,15000,Non,18,47453
COMP001,COMPOTE POMME LOT DE 2,,COMPOTE POMME LOT DE 2,PARAPHARMA,PARAPHARMA,30000,21000,Non,17,46997
4010,CONFY N04,,CONFY N04,PARAPHARMA,PARAPHARMA,70000,50000,Non,-5,47543
20230308,CONFY N05,,CONFY N05,PARAPHARMA,PARAPHARMA,70000,50000,Non,2,47515
CORI004,CONFY N06,,CONFY N06,PARAPHARMA,PARAPHARMA,70000,50000,Non,28,47574
9307398,CONFY N07,,CONFY N07,PARAPHARMA,PARAPHARMA,70000,10000,Non,5,47818
9348,CONFY NO2,,CONFY NO2,PARAPHARMA,PARAPHARMA,70000,50000,Non,10,47788
7156,CONFY NO3,,CONFY NO3,PARAPHARMA,PARAPHARMA,70000,50000,Non,1,47788
5960073,CONFY SUPER CONFORT N5,,CONFY SUPER CONFORT N5,PARAPHARMA,PARAPHARMA,70000,0,Non,2,51502
COTONAW01,COTON HYGIENIQUE AWINA,,COTON HYGIENIQUE AWINA,PARAPHARMA,PARAPHARMA,10000,5000,Non,67,47818
654236,COTON HYGIENIQUE CONFORTA,,COTON HYGIENIQUE CONFORTA,PARAPHARMA,PARAPHARMA,12000,10000,Non,24,47788
4700107,COTON HYGIENIQUE NANA,,COTON HYGIENIQUE NANA,PARAPHARMA,PARAPHARMA,15000,10000,Non,0,47604
656209,COTON HYGIENIQUE PERFECT,,COTON HYGIENIQUE PERFECT,PARAPHARMA,PARAPHARMA,10000,38500,Non,0,46935
657022,COTON NANA NORNAL,,COTON NANA NORNAL,PARAPHARMA,PARAPHARMA,15000,8500,Non,0,47543
8081024,COTON TIGE,,COTON TIGE,PARAPHARMA,PARAPHARMA,25000,0,Non,1,47818
3011015,CREME D'EPILATOIRE VEET,,CREME D'EPILATOIRE VEET,PARAPHARMA,PARAPHARMA,40000,28000,Non,7,46539
9193939,CREME EPILATOIRE BIO SILK,,CREME EPILATOIRE BIO SILK,PARAPHARMA,PARAPHARMA,40000,25500,Non,0,47209
CRES004,CREST PATE 3D WHITE 135ML,,CREST PATE 3D WHITE 135ML,PARAPHARMA,PARAPHARMA,60000,0,Non,0,43952
501763,CREST PATE FRESH MINT 80G,,CREST PATE FRESH MINT 80G,PARAPHARMA,PARAPHARMA,40000,0,Non,0,44348
cuill00001,CUILLERE CHICO LOT DE 2,,CUILLERE CHICO LOT DE 2,PARAPHARMA,PARAPHARMA,30000,20500,Non,4,49644
ISAN001,CUILLERE KALAS,,CUILLERE KALAS,PARAPHARMA,PARAPHARMA,50000,0,Non,0,52963
CUILL00002,CUILLERE MOME EASY LOT DE 2,,CUILLERE MOME EASY LOT DE 2,PARAPHARMA,PARAPHARMA,40000,28500,Non,3,49644
cuill00011,CUILLERE NISUTA LOT DE 2,,CUILLERE NISUTA LOT DE 2,PARAPHARMA,PARAPHARMA,40000,28500,Non,2,49644
7198,CUILLERE USEI + AGAIN,,CUILLERE USEI + AGAIN,PARAPHARMA,PARAPHARMA,35000,0,Non,0,52201
NIVE005,DAILYS LINGETTE INTIMES,,DAILYS LINGETTE INTIMES,PARAPHARMA,PARAPHARMA,40000,0,Non,0,46935
8200210,DEFRISANT JUST FOR ME,,DEFRISANT JUST FOR ME,PARAPHARMA,PARAPHARMA,60000,0,Non,0,43831
8524701,DEFRISANT OLIVE OIL GMA,,DEFRISANT OLIVE OIL GMA,PARAPHARMA,PARAPHARMA,90000,0,Non,0,43831
8551401,DEFRISANT OLIVE OIL GME,,DEFRISANT OLIVE OIL GME,PARAPHARMA,PARAPHARMA,90000,0,Non,0,43831
8554100,DEFRISANT OLIVE PMA,,DEFRISANT OLIVE PMA,PARAPHARMA,PARAPHARMA,60000,0,Non,0,43831
11676,DEGREE STICK,,DEGREE STICK,PARAPHARMA,PARAPHARMA,45000,0,Non,0,43831
DL0002,DELICAL,,DELICAL,PARAPHARMA,PARAPHARMA,40000,28500,Non,65,46478
DENT021,DENTAMYL JUNIOR,,DENTAMYL JUNIOR,PARAPHARMA,PARAPHARMA,30000,0,Non,0,51806
PRES002,DENTIFRICE COLGATE HERBAL,,DENTIFRICE COLGATE HERBAL,PARAPHARMA,PARAPHARMA,15000,16600,Non,0,46388
115140,DENTIFRICE COLGATE TOTAL 170ML,,DENTIFRICE COLGATE TOTAL 170ML,PARAPHARMA,PARAPHARMA,50000,0,Non,10,47818
PRES014,DENTIFRICE DENTALUX JUNIOR,,DENTIFRICE DENTALUX JUNIOR,PARAPHARMA,PARAPHARMA,25000,0,Non,0,46388
DEN0048,DENTIFRICE DENTILEX,,DENTIFRICE DENTILEX,PARAPHARMA,PARAPHARMA,35000,0,Non,30,47484
8107705,DENTIFRICE FRESH 2 IN 1,,DENTIFRICE FRESH 2 IN 1,PARAPHARMA,PARAPHARMA,30000,0,Non,0,46388
285511,DENTIFRICE ORAL B,,DENTIFRICE ORAL B,PARAPHARMA,PARAPHARMA,50000,0,Non,14,46388
97872,DENTIFRICE SENSODYNE SOIN COMPLET,,DENTIFRICE SENSODYNE SOIN COMPLET,PARAPHARMA,PARAPHARMA,60000,60000,Non,2,47818
PATE004,DENTIFRICE SIGNAL 3 A 6ANS,,DENTIFRICE SIGNAL 3 A 6ANS,PARAPHARMA,PARAPHARMA,25000,35000,Non,0,46388
PRES006,DENTIFRICE SIGNAL DOSEUR,,DENTIFRICE SIGNAL DOSEUR,PARAPHARMA,PARAPHARMA,50000,0,Non,19,46388
SIG5548,DENTIFRICE SIGNAL KIDS 0-6ANS,,DENTIFRICE SIGNAL KIDS 0-6ANS,PARAPHARMA,PARAPHARMA,30000,0,Non,29,47484
2076,DENTRICE DENTAMYL 7-13,,DENTRICE DENTAMYL 7-13,PARAPHARMA,PARAPHARMA,30000,17000,Non,0,47392
SAVO012,DENTRIFICE COLGATE MAX FRESH BLEU,,DENTRIFICE COLGATE MAX FRESH BLEU,PARAPHARMA,PARAPHARMA,20000,0,Non,2,47574
SILC001,DENTRIFICE COLGATE MAX FRESH ROUGE,,DENTRIFICE COLGATE MAX FRESH ROUGE,PARAPHARMA,PARAPHARMA,20000,0,Non,18,47515
MIXA007,DENTRIFICE COLGATE TOTAL 75ML ADVANCED,,DENTRIFICE COLGATE TOTAL 75ML ADVANCED,PARAPHARMA,PARAPHARMA,25000,25000,Non,6,46447
MIXA004,DENTRIFICE COLGATE TOTAL CHARCOAL,,DENTRIFICE COLGATE TOTAL CHARCOAL,PARAPHARMA,PARAPHARMA,25000,0,Non,3,47543
9291895,DENTRIFICE GUMFORTE,,DENTRIFICE GUMFORTE,PARAPHARMA,PARAPHARMA,30000,15000,Non,4,46600
PARO007,DENTRIFICE PARODONTAX,,DENTRIFICE PARODONTAX,PARAPHARMA,PARAPHARMA,60000,35500,Non,1,46388
SNON008,DENTRIFICE SENSODYNE REPARE ET PROTEGE,,DENTRIFICE SENSODYNE REPARE ET PROTEGE,PARAPHARMA,PARAPHARMA,65000,13000,Non,0,46235
22036,DENTRIFICE TERAXYL,,DENTRIFICE TERAXYL,PARAPHARMA,PARAPHARMA,30000,0,Non,0,46388
SENS002,DENTRIFRICE COLGATE MAX FRESH VERT,,DENTRIFRICE COLGATE MAX FRESH VERT,PARAPHARMA,PARAPHARMA,20000,42191,Non,8,47027
8108000,DENTRIFRICE WHITE 2 IN 1,,DENTRIFRICE WHITE 2 IN 1,PARAPHARMA,PARAPHARMA,30000,0,Non,1,46753
4000317,DEO 33%,,DEO 33%,PARAPHARMA,PARAPHARMA,40000,0,Non,5,46753
1260155,DEO ADIDAS,,DEO ADIDAS,PARAPHARMA,PARAPHARMA,40000,0,Non,0,47484
DEOA005,DEO ADIDAS 48HR,,DEO ADIDAS 48HR,PARAPHARMA,PARAPHARMA,35000,0,Non,0,44986
DEOA008,DEO ADIDAS ICE DIVE,,DEO ADIDAS ICE DIVE,PARAPHARMA,PARAPHARMA,35000,0,Non,0,44986
DEOA006,DEO ADIDAS PURE GAME,,DEO ADIDAS PURE GAME,PARAPHARMA,PARAPHARMA,35000,0,Non,0,44986
4004858,DEO ALTA,,DEO ALTA,PARAPHARMA,PARAPHARMA,25000,0,Non,0,43831
7693686,DEO AMALFI,,DEO AMALFI,PARAPHARMA,PARAPHARMA,25000,0,Non,0,43831
DEOA004,DEO AXE,,DEO AXE,PARAPHARMA,PARAPHARMA,40000,0,Non,33,47543
DEOA002,DEO AXE DARK,,DEO AXE DARK,PARAPHARMA,PARAPHARMA,35000,0,Non,0,44986
7140558,DEO BONJOUR,,DEO BONJOUR,PARAPHARMA,PARAPHARMA,25000,0,Non,0,43831
21404,DEO BRUT,,DEO BRUT,PARAPHARMA,PARAPHARMA,35000,0,Non,30,46753
deo01,DEO CIEN,,DEO CIEN,PARAPHARMA,PARAPHARMA,50000,35000,Non,19,47818
DCF0001,DEO CONFETTI,,DEO CONFETTI,PARAPHARMA,PARAPHARMA,30000,21200,Non,26,47727
6008907,DEO DIABLE BLEU,,DEO DIABLE BLEU,PARAPHARMA,PARAPHARMA,25000,0,Non,0,43831
DEO0001,DEO DIAMANT NOIR,,DEO DIAMANT NOIR,PARAPHARMA,PARAPHARMA,35000,25000,Non,1,47088
DEOD001,DEO DOVE,,DEO DOVE,PARAPHARMA,PARAPHARMA,35000,0,Non,22,46844
680751,DEO EVOLUDERM,,DEO EVOLUDERM,PARAPHARMA,PARAPHARMA,25000,0,Non,0,43831
190596,DEO FA SPLASH,,DEO FA SPLASH,PARAPHARMA,PARAPHARMA,35000,0,Non,0,45658
1700515,DEO FAIR & WHITE,,DEO FAIR & WHITE,PARAPHARMA,PARAPHARMA,35000,0,Non,0,43831
DEOF001,DEO FANTASIA,,DEO FANTASIA,PARAPHARMA,PARAPHARMA,35000,0,Non,0,45017
4010125,DEO FREEDOM,,DEO FREEDOM,PARAPHARMA,PARAPHARMA,20000,0,Non,0,43831
JEAN001,DEO JEAN NATE,,DEO JEAN NATE,PARAPHARMA,PARAPHARMA,90000,0,Non,0,43831
DEO00012,DEO LILAS,,DEO LILAS,PARAPHARMA,PARAPHARMA,35000,25000,Non,7,47788
7616,DEO LOREAL,,DEO LOREAL,PARAPHARMA,PARAPHARMA,40000,0,Non,26,47484
DEOL001,DEO LOTUS,,DEO LOTUS,PARAPHARMA,PARAPHARMA,35000,0,Non,0,45017
5221570,DEO LUXONA,,DEO LUXONA,PARAPHARMA,PARAPHARMA,25000,0,Non,0,43831
MADE001,DEO MADEMAISELLE,,DEO MADEMAISELLE,PARAPHARMA,PARAPHARMA,40000,0,Non,1,46661
11959,DEO MANAVA,,DEO MANAVA,PARAPHARMA,PARAPHARMA,25000,0,Non,0,43831
DEOM001,DEO MAX,,DEO MAX,PARAPHARMA,PARAPHARMA,35000,0,Non,0,45017
949985,DEO MELIADE,,DEO MELIADE,PARAPHARMA,PARAPHARMA,25000,0,Non,0,43831
DEOM002,DEO MIXA,,DEO MIXA,PARAPHARMA,PARAPHARMA,35000,0,Non,0,45017
1215401,DEO MOANA,,DEO MOANA,PARAPHARMA,PARAPHARMA,40000,0,Non,4,48214
12555044,DEO MON AMOUR,,DEO MON AMOUR,PARAPHARMA,PARAPHARMA,25000,0,Non,0,43831
3381411,DEO NARTA,,DEO NARTA,PARAPHARMA,PARAPHARMA,45000,32000,Non,72,47484
DEON001,DEO NIVEA,,DEO NIVEA,PARAPHARMA,PARAPHARMA,40000,28500,Non,56,46600
NOVA0001,DEO NOVA,,DEO NOVA,PARAPHARMA,PARAPHARMA,40000,28500,Non,1,47543
498240,DEO OE,,DEO OE,PARAPHARMA,PARAPHARMA,30000,0,Non,0,43831
3454191,DEO PARIS EN FLEURS,,DEO PARIS EN FLEURS,PARAPHARMA,PARAPHARMA,40000,0,Non,4,46753
REXO001,DEO REXONA,,DEO REXONA,PARAPHARMA,PARAPHARMA,40000,0,Non,55,47392
drigg00001,DEO RIGGS,,DEO RIGGS,PARAPHARMA,PARAPHARMA,35000,25000,Non,19,47635
1020949,DEO SEXY,,DEO SEXY,PARAPHARMA,PARAPHARMA,25000,0,Non,0,43831
4006210,DEO SHIRLEY MAY,,DEO SHIRLEY MAY,PARAPHARMA,PARAPHARMA,20000,0,Non,0,43831
2908447,DEO SOUPLESSE,,DEO SOUPLESSE,PARAPHARMA,PARAPHARMA,30000,0,Non,0,43831
37077,DEO TAHITI,,DEO TAHITI,PARAPHARMA,PARAPHARMA,25000,0,Non,0,43831
159899,DEO USHUAIA,,DEO USHUAIA,PARAPHARMA,PARAPHARMA,40000,28500,Non,18,47969
deo00002,DEO YARA,,DEO YARA,PARAPHARMA,PARAPHARMA,30000,21200,Non,6,47604
7950855,DEOMAISON,,DEOMAISON,PARAPHARMA,PARAPHARMA,25000,1000,Non,0,45778
7402422,DEOMAISON  ARIXACA 750ML,,DEOMAISON  ARIXACA 750ML,PARAPHARMA,PARAPHARMA,14000,1000,Non,0,41424
STET004,DERMAX BEBE,,DERMAX BEBE,PARAPHARMA,PARAPHARMA,20000,0,Non,1,47484
TASS001,DERMAX SIMPLE,,DERMAX SIMPLE,PARAPHARMA,PARAPHARMA,20000,14000,Non,19,47849
SUNY001,DERMAX TAMPON,,DERMAX TAMPON,PARAPHARMA,PARAPHARMA,20000,0,Non,0,46753
6310303,DETTOL GEL DOUCHE 125ML,,DETTOL GEL DOUCHE 125ML,PARAPHARMA,PARAPHARMA,15000,15000,Non,0,46784
6109110,DETTOL GEL DOUCHE GM 550ML,,DETTOL GEL DOUCHE GM 550ML,PARAPHARMA,PARAPHARMA,50000,35500,Non,5,47058
465,DETTOL GEL DOUCHE PM 250ML,,DETTOL GEL DOUCHE PM 250ML,PARAPHARMA,PARAPHARMA,40000,22500,Non,1,47088
P211,DETTOL LIQUIDE 1L,,DETTOL LIQUIDE 1L,PARAPHARMA,PARAPHARMA,90000,12000,Non,2,46722
6353003,DETTOL SHAMPOOING,,DETTOL SHAMPOOING,PARAPHARMA,PARAPHARMA,50000,35500,Non,0,46813
2183117,DETTOL SOLUTION 550ML,,DETTOL SOLUTION 550ML,PARAPHARMA,PARAPHARMA,50000,0,Non,0,46388
1138954,DIMPLES HAIR REMOVER,,DIMPLES HAIR REMOVER,PARAPHARMA,PARAPHARMA,30000,0,Non,0,43831
231151,DIVA GAME COMPLET,,DIVA GAME COMPLET,PARAPHARMA,PARAPHARMA,110000,0,Non,0,44166
DODI001,DODIE 300ML  TASSE,,DODIE 300ML  TASSE,PARAPHARMA,PARAPHARMA,50000,0,Non,0,44958
644,DOSEUR DE LAIT,,DOSEUR DE LAIT,PARAPHARMA,PARAPHARMA,50000,35500,Non,1,47818
dos0000001,DOSEUR DE LAIT DRICA,,DOSEUR DE LAIT DRICA,PARAPHARMA,PARAPHARMA,70000,50000,Non,6,47818
DOVE005,DOVE BABY LOVE,,DOVE BABY LOVE,PARAPHARMA,PARAPHARMA,50000,20000,Non,0,46844
1112425,DOVE GEL DOUCHE,,DOVE GEL DOUCHE,PARAPHARMA,PARAPHARMA,65000,0,Non,0,44927
DOVE004,DOVE GO FRESH,,DOVE GO FRESH,PARAPHARMA,PARAPHARMA,40000,0,Non,0,45200
8441194,DOVE SHAMPOOING,,DOVE SHAMPOOING,PARAPHARMA,PARAPHARMA,40000,0,Non,0,43831
2700004,DR MIRACLES TEMPLE,,DR MIRACLES TEMPLE,PARAPHARMA,PARAPHARMA,75000,0,Non,0,43831
880015,EAU DE JAVEL LA CROIX,,EAU DE JAVEL LA CROIX,PARAPHARMA,PARAPHARMA,11500,1000,Non,0,41424
7688518,EAU PRECIEUSE,,EAU PRECIEUSE,PARAPHARMA,PARAPHARMA,43000,0,Non,0,43831
4101109,EDEB BABY LOTION,,EDEB BABY LOTION,PARAPHARMA,PARAPHARMA,60000,0,Non,0,43831
6174812,EGOUTTOIR BIBERON,,EGOUTTOIR BIBERON,PARAPHARMA,PARAPHARMA,70000,0,Non,1,53297
EMPI001,EMPIRE 50,,EMPIRE 50,PARAPHARMA,PARAPHARMA,50000,0,Non,0,44986
SARC001,EPONGE BB,,EPONGE BB,PARAPHARMA,PARAPHARMA,5000,1000,Non,0,47757
8522812,EQUATE BABY OIL CREME,,EQUATE BABY OIL CREME,PARAPHARMA,PARAPHARMA,35000,0,Non,0,47484
ERA0001,ERATO DEODORANT,,ERATO DEODORANT,PARAPHARMA,PARAPHARMA,35000,0,Non,0,44044
19793,ESSENTIALS STICK,,ESSENTIALS STICK,PARAPHARMA,PARAPHARMA,45000,0,Non,0,43831
680362,EVOLUDERM LAIT,,EVOLUDERM LAIT,PARAPHARMA,PARAPHARMA,70000,0,Non,0,44166
681406,EVOLUDERM LOTION DOUCEUR,,EVOLUDERM LOTION DOUCEUR,PARAPHARMA,PARAPHARMA,26000,1000,Non,0,41707
EXTR001,EXTRA 2 RASOIR BIC,,EXTRA 2 RASOIR BIC,PARAPHARMA,PARAPHARMA,50000,0,Non,7,47543
FAAL001,FA ALOE VERA,,FA ALOE VERA,PARAPHARMA,PARAPHARMA,40000,0,Non,0,44986
FACR002,FA CREME DE DOUCHE,,FA CREME DE DOUCHE,PARAPHARMA,PARAPHARMA,40000,0,Non,0,43831
FACH002,FA GEL DE DOUCHE,,FA GEL DE DOUCHE,PARAPHARMA,PARAPHARMA,35000,0,Non,0,44927
FAMEN001,FA MEN,,FA MEN,PARAPHARMA,PARAPHARMA,35000,0,Non,0,44105
FASA001,FA SAVON,,FA SAVON,PARAPHARMA,PARAPHARMA,15000,0,Non,0,44470
FAYO004,FA YAGHURT,,FA YAGHURT,PARAPHARMA,PARAPHARMA,40000,0,Non,0,44986
3645384,FAIR & WHITE CREME,,FAIR & WHITE CREME,PARAPHARMA,PARAPHARMA,45000,0,Non,0,43831
1700075,FAIR & WHITE EXCLUSIVE,,FAIR & WHITE EXCLUSIVE,PARAPHARMA,PARAPHARMA,36000,0,Non,0,44196
1700033,FAIR & WHITE GEL CRÉME,,FAIR & WHITE GEL CRÉME,PARAPHARMA,PARAPHARMA,65000,0,Non,0,44196
3645322,FAIR & WHITE GEL CREME FL DE 30ML,,FAIR & WHITE GEL CREME FL DE 30ML,PARAPHARMA,PARAPHARMA,55000,0,Non,0,44196
4301890,FAIR & WHITE LAIT ECLAIRISSANT,,FAIR & WHITE LAIT ECLAIRISSANT,PARAPHARMA,PARAPHARMA,130000,0,Non,0,40956
1700076,FAIR & WHITE LINGETTE BACTÉRIENNES,,FAIR & WHITE LINGETTE BACTÉRIENNES,PARAPHARMA,PARAPHARMA,36000,0,Non,0,44196
8080164,FAIR & WHITE LOTION PURIFIANTE,,FAIR & WHITE LOTION PURIFIANTE,PARAPHARMA,PARAPHARMA,55000,0,Non,0,44196
1700528,FAIR & WHITE SAVON AHA-2 CLARIFIANT,,FAIR & WHITE SAVON AHA-2 CLARIFIANT,PARAPHARMA,PARAPHARMA,50000,0,Non,0,44196
8080362,FAIR & WHITE SAVON ALOE VERA,,FAIR & WHITE SAVON ALOE VERA,PARAPHARMA,PARAPHARMA,50000,0,Non,0,44196
1700021,FAIR & WHITE SAVON EXCLUSIVE WHITENIZER,,FAIR & WHITE SAVON EXCLUSIVE WHITENIZER,PARAPHARMA,PARAPHARMA,48000,0,Non,0,44196
3645339,FAIR & WHITE SAVON GOMMANT,,FAIR & WHITE SAVON GOMMANT,PARAPHARMA,PARAPHARMA,45000,0,Non,0,44196
1700035,FAIR & WHITE SERUM EXCLUSIVE WHITENIZER,,FAIR & WHITE SERUM EXCLUSIVE WHITENIZER,PARAPHARMA,PARAPHARMA,85000,0,Non,0,44196
3645483,FAIR &WHITE LAIT AHA-2,,FAIR &WHITE LAIT AHA-2,PARAPHARMA,PARAPHARMA,75000,0,Non,0,43862
3645476,FAIR &WHITE LAIT BODY,,FAIR &WHITE LAIT BODY,PARAPHARMA,PARAPHARMA,75000,0,Non,0,43862
1700063,FAIR ET WHITE DEO,,FAIR ET WHITE DEO,PARAPHARMA,PARAPHARMA,25000,0,Non,0,41059
8998457,FAKTZ FOR MEN,,FAKTZ FOR MEN,PARAPHARMA,PARAPHARMA,205000,0,Non,0,43831
9500424,FIERTE 1804 LAIT,,FIERTE 1804 LAIT,PARAPHARMA,PARAPHARMA,75000,0,Non,0,43831
6000866,FIXODENT,,FIXODENT,PARAPHARMA,PARAPHARMA,105000,0,Non,0,43831
4861310,FLUOCARIL BAIN DE BOUCHE 300 ML,,FLUOCARIL BAIN DE BOUCHE 300 ML,PARAPHARMA,PARAPHARMA,60000,41590,Non,0,46296
4860139,FLUOCARIL BLANCHEUR T/145MG,,FLUOCARIL BLANCHEUR T/145MG,PARAPHARMA,PARAPHARMA,50000,24975,Non,0,46539
3500861,FLUOCARIL PATE ENFANT 2-5 ANS,,FLUOCARIL PATE ENFANT 2-5 ANS,PARAPHARMA,PARAPHARMA,35000,22500,Non,0,45658
FLUO002,FLUOCARIL PATE ENFANT 6-12 ANS,,FLUOCARIL PATE ENFANT 6-12 ANS,PARAPHARMA,PARAPHARMA,40000,27500,Non,0,45992
4860054,FLUOCARIL SPRAY,,FLUOCARIL SPRAY,PARAPHARMA,PARAPHARMA,83850,1000,Non,0,40940
FORTI22541,FORTILAC,,FORTILAC,PARAPHARMA,PARAPHARMA,40000,0,Non,12,46844
9000204,FOUCAUD LAIT,,FOUCAUD LAIT,PARAPHARMA,PARAPHARMA,60000,0,Non,0,43831
FRN000001,FRANCE LAIT BLE MIEL,,FRANCE LAIT BLE MIEL,PARAPHARMA,PARAPHARMA,38000,27000,Non,0,46388
franc0001,FRANCE LAIT RIZ FRUITS,,FRANCE LAIT RIZ FRUITS,PARAPHARMA,PARAPHARMA,38000,27000,Non,0,46419
FRAN0001,FRANCE LAIT RIZ MIEL,,FRANCE LAIT RIZ MIEL,PARAPHARMA,PARAPHARMA,38000,27000,Non,0,46419
FREE002,FREEDENT SHEWGUM,,FREEDENT SHEWGUM,PARAPHARMA,PARAPHARMA,10000,0,Non,0,43678
FR0052,FREESENS CREME MAIN,,FREESENS CREME MAIN,PARAPHARMA,PARAPHARMA,60000,0,Non,6,47484
FREE458,FREESENS CREME MAIN+LIPS,,FREESENS CREME MAIN+LIPS,PARAPHARMA,PARAPHARMA,100000,0,Non,6,47484
gall00002,GALLIA CALISMA RELAIS N°2,,GALLIA CALISMA RELAIS N°2,PARAPHARMA,PARAPHARMA,300000,200000,Non,9,46508
gall000001,GALLIA CALLISMA RELAIS N°1,,GALLIA CALLISMA RELAIS N°1,PARAPHARMA,PARAPHARMA,300000,200000,Non,9,46388
GALL10000,GALLIA GALLIAGEST N°2,,GALLIA GALLIAGEST N°2,PARAPHARMA,PARAPHARMA,300000,214000,Non,4,46388
GALL0004,GALLIA GALLIAGEST N°3,,GALLIA GALLIAGEST N°3,PARAPHARMA,PARAPHARMA,200000,140000,Non,1,46388
9350486,GARNIEA AHA + BHA SERUM,,GARNIEA AHA + BHA SERUM,PARAPHARMA,PARAPHARMA,130000,20000,Non,0,47484
GARN001,GARNIER INTENSIVE LAIT,,GARNIER INTENSIVE LAIT,PARAPHARMA,PARAPHARMA,40000,0,Non,0,44105
6300019,GEL DOUCHE PETIT MARSEILLE,,GEL DOUCHE PETIT MARSEILLE,PARAPHARMA,PARAPHARMA,70000,40000,Non,0,45870
GELH004,GEL HYDRO-ALCOOLIQUE,,GEL HYDRO-ALCOOLIQUE,PARAPHARMA,PARAPHARMA,20000,0,Non,0,46631
GENS014,GENSKIN ECLAT LAIT,,GENSKIN ECLAT LAIT,PARAPHARMA,PARAPHARMA,67000,45500,Non,0,45536
961202,GILLETTE MOUSSE A RASER,,GILLETTE MOUSSE A RASER,PARAPHARMA,PARAPHARMA,80000,0,Non,1,46784
9778,GILLETTE POWER,,GILLETTE POWER,PARAPHARMA,PARAPHARMA,30000,0,Non,0,43831
GENS008,GILLETTE RASOIR,,GILLETTE RASOIR,PARAPHARMA,PARAPHARMA,25000,0,Non,5,51196
8322015,GLUCODR BANDELLETTE,,GLUCODR BANDELLETTE,PARAPHARMA,PARAPHARMA,140000,0,Non,0,43831
8322008,GLUCODR GLUCOMETRE,,GLUCODR GLUCOMETRE,PARAPHARMA,PARAPHARMA,603000,0,Non,0,43831
1330285,GLUCODR LANCET,,GLUCODR LANCET,PARAPHARMA,PARAPHARMA,130000,0,Non,0,43831
1700006,GOMMAGE SO WHITE,,GOMMAGE SO WHITE,PARAPHARMA,PARAPHARMA,80000,0,Non,0,43831
3012076,GOUDRE,,GOUDRE,PARAPHARMA,PARAPHARMA,50000,0,Non,0,53297
6397,GOUPILLON BROSSE BB CONFORT,,GOUPILLON BROSSE BB CONFORT,PARAPHARMA,PARAPHARMA,25000,1000,Non,0,41640
grde00004,GOURDE LES PETITS INDIENS,,GOURDE LES PETITS INDIENS,PARAPHARMA,PARAPHARMA,50000,35500,Non,3,47818
grde00001,GOURDE MINTREE,,GOURDE MINTREE,PARAPHARMA,PARAPHARMA,40000,28500,Non,1,47818
GRD0002,GOURDE N°25,,GOURDE N°25,PARAPHARMA,PARAPHARMA,30000,21000,Non,3,47818
7693990,GOURDES ALVARE,,GOURDES ALVARE,PARAPHARMA,PARAPHARMA,40000,0,Non,0,53206
7691699,GOURDES PLANET CARE,,GOURDES PLANET CARE,PARAPHARMA,PARAPHARMA,70000,0,Non,3,53297
THET003,GREEN TEA LONGRICH,,GREEN TEA LONGRICH,PARAPHARMA,PARAPHARMA,100000,85000,Non,0,45352
GUIZ0001,GUIGOZ N04 OPTIPRO,,GUIGOZ N04 OPTIPRO,PARAPHARMA,PARAPHARMA,200000,128000,Non,9,46600
GUIZ0002,GUIGOZ NO1 OPTIPRO,,GUIGOZ NO1 OPTIPRO,PARAPHARMA,PARAPHARMA,250000,178500,Non,14,46600
90387,GUIGOZ OPTIPRO N02,,GUIGOZ OPTIPRO N02,PARAPHARMA,PARAPHARMA,250000,128500,Non,0,46508
5960011,GUMFORTE BAIN DE BOUCHE,,GUMFORTE BAIN DE BOUCHE,PARAPHARMA,PARAPHARMA,68000,0,Non,0,46357
8546815,HAIR FOOD POMMADE,,HAIR FOOD POMMADE,PARAPHARMA,PARAPHARMA,65000,0,Non,0,41153
8999553,HAZY SPRING,,HAZY SPRING,PARAPHARMA,PARAPHARMA,205000,0,Non,0,43831
12343,HEAD AND SHOULDERS,,HEAD AND SHOULDERS,PARAPHARMA,PARAPHARMA,60000,35000,Non,0,45658
5006808,HEAD ET SHOULDER GEL,,HEAD ET SHOULDER GEL,PARAPHARMA,PARAPHARMA,70000,0,Non,0,47484
MONS002,HERBESAN ALLAITEMENT,,HERBESAN ALLAITEMENT,PARAPHARMA,PARAPHARMA,50000,0,Non,0,47757
260034,HT26 ACTION TACHES À L,,HT26 ACTION TACHES À L,PARAPHARMA,PARAPHARMA,450000,0,Non,0,43862
001HT26,HT26 BABY GEL,,HT26 BABY GEL,PARAPHARMA,PARAPHARMA,180000,0,Non,0,47818
2610011,HT26 CREME,,HT26 CREME,PARAPHARMA,PARAPHARMA,300000,0,Non,0,47484
HT26005,HT26 CREME CONCENTRATE,,HT26 CREME CONCENTRATE,PARAPHARMA,PARAPHARMA,252000,0,Non,0,45017
6130027,HT26 CREME CONTOUR DES YEUX,,HT26 CREME CONTOUR DES YEUX,PARAPHARMA,PARAPHARMA,189800,146000,Non,0,41275
HT26504,HT26 CREME CORPS CAVIAR,,HT26 CREME CORPS CAVIAR,PARAPHARMA,PARAPHARMA,420000,0,Non,3,47484
HT260470,HT26 CREME CORPS MAXI ECLAIRCISSANTE,,HT26 CREME CORPS MAXI ECLAIRCISSANTE,PARAPHARMA,PARAPHARMA,420000,0,Non,12,47484
ht2613,HT26 CREME CORPS MULTI ECLAIRCISSATE,,HT26 CREME CORPS MULTI ECLAIRCISSATE,PARAPHARMA,PARAPHARMA,310000,0,Non,12,47818
26005,HT26 CREME INTENSIVE CONCENTREE 50 ML,,HT26 CREME INTENSIVE CONCENTREE 50 ML,PARAPHARMA,PARAPHARMA,290000,144000,Non,0,44927
261000,HT26 CREME MAINS PIEDS COUDES GENOUX,,HT26 CREME MAINS PIEDS COUDES GENOUX,PARAPHARMA,PARAPHARMA,330500,254000,Non,0,41302
HT26487,HT26 CREME OR ET ARGON,,HT26 CREME OR ET ARGON,PARAPHARMA,PARAPHARMA,420000,0,Non,6,47484
002HT26,HT26 EAU ADOUCISSANTE BÉBÉ,,HT26 EAU ADOUCISSANTE BÉBÉ,PARAPHARMA,PARAPHARMA,140000,0,Non,0,44196
HT26001,HT26 EAU DE TOILETTE FEMME,,HT26 EAU DE TOILETTE FEMME,PARAPHARMA,PARAPHARMA,265000,0,Non,0,43831
11001,HT26 EMULSION DOUCHE,,HT26 EMULSION DOUCHE,PARAPHARMA,PARAPHARMA,130000,0,Non,0,44196
HT26004,HT26 GEL DOUCHE,,HT26 GEL DOUCHE,PARAPHARMA,PARAPHARMA,135000,0,Non,0,45017
ht08,HT26 GEL METTAPANT HOMME,,HT26 GEL METTAPANT HOMME,PARAPHARMA,PARAPHARMA,276000,190000,Non,3,47818
HT26048,HT26 HUILE VERGETURIS,,HT26 HUILE VERGETURIS,PARAPHARMA,PARAPHARMA,250000,0,Non,3,47484
ht2603,HT26 LAIT ACTION TACHES,,HT26 LAIT ACTION TACHES,PARAPHARMA,PARAPHARMA,370000,260000,Non,12,47818
ht2607,HT26 LAIT CAVIAR,,HT26 LAIT CAVIAR,PARAPHARMA,PARAPHARMA,700000,500000,Non,3,47818
ht2606,HT26 LAIT CORPOREL HOMME,,HT26 LAIT CORPOREL HOMME,PARAPHARMA,PARAPHARMA,276000,15000,Non,3,47818
10142,HT26 LAIT DE TOILETTE BÉBÉ,,HT26 LAIT DE TOILETTE BÉBÉ,PARAPHARMA,PARAPHARMA,140000,0,Non,-2,44196
ht2605,HT26 LAIT LAVIAR,,HT26 LAIT LAVIAR,PARAPHARMA,PARAPHARMA,0,0,Non,0,47818
ht2602,HT26 LAIT MULTI HYDRATANT,,HT26 LAIT MULTI HYDRATANT,PARAPHARMA,PARAPHARMA,272000,190000,Non,6,47818
260010,HT26 LAIT MULTI-ECLAIRCISSANT,,HT26 LAIT MULTI-ECLAIRCISSANT,PARAPHARMA,PARAPHARMA,253000,130000,Non,12,47818
ht2604,HT26 LAIT OR ET ARGAN,,HT26 LAIT OR ET ARGAN,PARAPHARMA,PARAPHARMA,700000,500000,Non,6,47818
ht2611,HT26 MASQUE GOMMANT VISAGE,,HT26 MASQUE GOMMANT VISAGE,PARAPHARMA,PARAPHARMA,200000,140000,Non,6,47818
HT260589,HT26 PAIN PURIFIANT,,HT26 PAIN PURIFIANT,PARAPHARMA,PARAPHARMA,95000,0,Non,12,47484
10806,HT26 POUDRE BB,,HT26 POUDRE BB,PARAPHARMA,PARAPHARMA,50000,0,Non,0,43831
261161,HT26 SAVON 90,,HT26 SAVON 90,PARAPHARMA,PARAPHARMA,120000,0,Non,0,44196
HT2685202,HT26 SAVON BLANCHISSANT ANTI-TACHE,,HT26 SAVON BLANCHISSANT ANTI-TACHE,PARAPHARMA,PARAPHARMA,210000,0,Non,6,47484
ht2609,HT26 SAVON CAVIAR,,HT26 SAVON CAVIAR,PARAPHARMA,PARAPHARMA,150000,100000,Non,6,47818
HT2632690,HT26 SAVON ECLAIRCISSANT OR ET ARGON,,HT26 SAVON ECLAIRCISSANT OR ET ARGON,PARAPHARMA,PARAPHARMA,150000,0,Non,6,47484
261017,HT26 SAVON GOMMANT,,HT26 SAVON GOMMANT,PARAPHARMA,PARAPHARMA,150000,0,Non,12,47484
HT2610,HT26 SAVON HOMME,,HT26 SAVON HOMME,PARAPHARMA,PARAPHARMA,90000,64000,Non,3,47818
HT26003,HT26 SAVON MARSEIILE,,HT26 SAVON MARSEIILE,PARAPHARMA,PARAPHARMA,50000,0,Non,0,43831
000HT26,HT26 SAVON PURIFIANT VITAMINÉ,,HT26 SAVON PURIFIANT VITAMINÉ,PARAPHARMA,PARAPHARMA,95000,0,Non,12,47484
HT26002,HT26 SAVON SURGRAS,,HT26 SAVON SURGRAS,PARAPHARMA,PARAPHARMA,45000,0,Non,0,43831
30019,HT26 SAVON SURGRAS BÉBÉ,,HT26 SAVON SURGRAS BÉBÉ,PARAPHARMA,PARAPHARMA,50000,0,Non,0,44196
HT20001,HT26 SERUM 90 /AMP,,HT26 SERUM 90 /AMP,PARAPHARMA,PARAPHARMA,31000,23583,Non,0,41275
260027,HT26 SOIN-HYDRATANT,,HT26 SOIN-HYDRATANT,PARAPHARMA,PARAPHARMA,200000,0,Non,0,43881
ht2601,HT26LAIT MULTI ECLAIRCISSANT,,HT26LAIT MULTI ECLAIRCISSANT,PARAPHARMA,PARAPHARMA,0,0,Non,0,47818
HUGG001,HUGGIES BASIC NR 2,,HUGGIES BASIC NR 2,PARAPHARMA,PARAPHARMA,71500,55000,Non,0,41424
HUGG002,HUGGIES BASIC NR 4,,HUGGIES BASIC NR 4,PARAPHARMA,PARAPHARMA,71500,55000,Non,0,41424
6126635,HUILE DAMANDE DOUCE,,HUILE DAMANDE DOUCE,PARAPHARMA,PARAPHARMA,68000,0,Non,0,44105
ILON001,ILONA ROSE GARDEN,,ILONA ROSE GARDEN,PARAPHARMA,PARAPHARMA,25000,0,Non,0,44986
152566,INSENSE GIVENCHY FL/100ML,,INSENSE GIVENCHY FL/100ML,PARAPHARMA,PARAPHARMA,150000,0,Non,0,45809
INST001,INSTITUTO ESPANOL GEL,,INSTITUTO ESPANOL GEL,PARAPHARMA,PARAPHARMA,80000,0,Non,0,44743
9405884,INSURRECTION DEODORANT,,INSURRECTION DEODORANT,PARAPHARMA,PARAPHARMA,30000,0,Non,0,44044
965357,INTIMATE,,INTIMATE,PARAPHARMA,PARAPHARMA,25000,19500,Non,2,47331
5006809,JENNIFER EAU DE COLOGNE,,JENNIFER EAU DE COLOGNE,PARAPHARMA,PARAPHARMA,70000,0,Non,0,43831
JS0001,JUS FRUITS SHOOT,,JUS FRUITS SHOOT,PARAPHARMA,PARAPHARMA,120000,85500,Non,-1,46327
jus0000000,JUS MULTIVITAMINE,,JUS MULTIVITAMINE,PARAPHARMA,PARAPHARMA,60000,42000,Non,0,46266
junss00001,JUS NATURNES BIO,,JUS NATURNES BIO,PARAPHARMA,PARAPHARMA,240000,171200,Non,-1,46327
37997,KLORANE SHAMPOING DEMELANT,,KLORANE SHAMPOING DEMELANT,PARAPHARMA,PARAPHARMA,120000,15000,Non,0,47574
654243,KOTEX,,KOTEX,PARAPHARMA,PARAPHARMA,20000,10000,Non,7,47788
KRUG001,KRUGER VITAMINE C,,KRUGER VITAMINE C,PARAPHARMA,PARAPHARMA,25000,0,Non,0,43647
3010957,LA ROSE POSAY B5+CREME,,LA ROSE POSAY B5+CREME,PARAPHARMA,PARAPHARMA,100000,19000,Non,0,46054
PERF005,LA TISANE DIGESTION,,LA TISANE DIGESTION,PARAPHARMA,PARAPHARMA,50000,0,Non,0,46388
tisaniere2,LA TISANIERE BRULE GRAISSE,,LA TISANIERE BRULE GRAISSE,PARAPHARMA,PARAPHARMA,35000,25000,Non,9,46722
tisaniere1,LA TISANIERE NUIT CALME,,LA TISANIERE NUIT CALME,PARAPHARMA,PARAPHARMA,35000,25000,Non,10,46753
LABI004,LABILO STICK,,LABILO STICK,PARAPHARMA,PARAPHARMA,50000,0,Non,0,45200
PAMP014,LAIT PALMOLIVE,,LAIT PALMOLIVE,PARAPHARMA,PARAPHARMA,40000,20000,Non,0,45992
4403488,LAVE BIBERON,,LAVE BIBERON,PARAPHARMA,PARAPHARMA,10000,0,Non,0,47515
lave000001,LAVE BIBERON 3IN1,,LAVE BIBERON 3IN1,PARAPHARMA,PARAPHARMA,30000,20500,Non,0,49644
lave000002,LAVE BIBERON PARHDOAS,,LAVE BIBERON PARHDOAS,PARAPHARMA,PARAPHARMA,30000,20500,Non,2,49644
RICH001,LAVORIS BAIN DE BOUCH,,LAVORIS BAIN DE BOUCH,PARAPHARMA,PARAPHARMA,50000,50179,Non,0,46357
ling0001,LINGETTE AIWIBI,,LINGETTE AIWIBI,PARAPHARMA,PARAPHARMA,20000,14000,Non,0,47818
LING002,LINGETTE CONFY,,LINGETTE CONFY,PARAPHARMA,PARAPHARMA,30000,12500,Non,1,47818
LING005,LINGETTE HYGIEN,,LINGETTE HYGIEN,PARAPHARMA,PARAPHARMA,35000,15000,Non,23,46508
COTO004,LINGETTE PAMPERS,,LINGETTE PAMPERS,PARAPHARMA,PARAPHARMA,35000,35000,Non,0,47604
LING004,LINGETTE TEDDY CARE,,LINGETTE TEDDY CARE,PARAPHARMA,PARAPHARMA,35000,15000,Non,0,47574
CAPI001,LIPTON BIO YELLO LABEL,,LIPTON BIO YELLO LABEL,PARAPHARMA,PARAPHARMA,50000,1000,Non,0,47543
lipton0003,LIPTON MENTHE INTENCE,,LIPTON MENTHE INTENCE,PARAPHARMA,PARAPHARMA,35000,25000,Non,12,46753
PARF005,LIPTON SAUVEUR DU SOIR,,LIPTON SAUVEUR DU SOIR,PARAPHARMA,PARAPHARMA,50000,0,Non,0,46753
lipton0001,LIPTON THE VERT CITRON,,LIPTON THE VERT CITRON,PARAPHARMA,PARAPHARMA,50000,35500,Non,11,46784
lipton0002,LIPTON THE VERT MENTHE,,LIPTON THE VERT MENTHE,PARAPHARMA,PARAPHARMA,50000,35500,Non,11,46784
LUXS002,LISTERIN FRESH CITRUS 250ML,,LISTERIN FRESH CITRUS 250ML,PARAPHARMA,PARAPHARMA,40000,28500,Non,6,46692
list0002,LISTERINE BAIN  DE BOUCHE ZERO,,LISTERINE BAIN  DE BOUCHE ZERO,PARAPHARMA,PARAPHARMA,40000,28500,Non,3,46874
7427357,LISTERINE BAIN DE BOUCHE,,LISTERINE BAIN DE BOUCHE,PARAPHARMA,PARAPHARMA,35000,35000,Non,0,51533
MAGN009,LISTERINE BAIN DE BOUCHE COOL MENT 500ML,,LISTERINE BAIN DE BOUCHE COOL MENT 500ML,PARAPHARMA,PARAPHARMA,60000,42500,Non,11,46388
lister0001,LISTERINE BAIN DE BOUCHE COOL MINT 250ML,,LISTERINE BAIN DE BOUCHE COOL MINT 250ML,PARAPHARMA,PARAPHARMA,40000,28500,Non,0,46844
LIST00002,LISTERINE BAIN DE BOUCHE FRESH BRUST,,LISTERINE BAIN DE BOUCHE FRESH BRUST,PARAPHARMA,PARAPHARMA,0,0,Non,0,46935
6668692,LISTERINE BAIN DE BOUCHE TARTAR PROTECT,,LISTERINE BAIN DE BOUCHE TARTAR PROTECT,PARAPHARMA,PARAPHARMA,60000,0,Non,0,47604
966026,LISTERINE BAINDE BOUCHE GUM PROTECT,,LISTERINE BAINDE BOUCHE GUM PROTECT,PARAPHARMA,PARAPHARMA,60000,0,Non,0,48396
LOVE001,LISTERINE ORIGINAL 250ML BAIN DE BOUCHE,,LISTERINE ORIGINAL 250ML BAIN DE BOUCHE,PARAPHARMA,PARAPHARMA,40000,35500,Non,1,46661
LIST001,LISTERINE TOTAL CARE 250ML,,LISTERINE TOTAL CARE 250ML,PARAPHARMA,PARAPHARMA,35000,0,Non,0,46266
LIST006,LISTERINE TOTAL COOL MENT 250ML,,LISTERINE TOTAL COOL MENT 250ML,PARAPHARMA,PARAPHARMA,35000,0,Non,0,46722
LONG009,LONGRICH PATTE,,LONGRICH PATTE,PARAPHARMA,PARAPHARMA,30000,0,Non,0,46082
LONG004,LONGRICH SHAMPOOING,,LONGRICH SHAMPOOING,PARAPHARMA,PARAPHARMA,150000,0,Non,0,45778
1211972,LONGRICH SNAKE OIL,,LONGRICH SNAKE OIL,PARAPHARMA,PARAPHARMA,35000,20000,Non,0,45839
L124,LUNETTE JUSTE POUR LIRE,,LUNETTE JUSTE POUR LIRE,PARAPHARMA,PARAPHARMA,100000,0,Non,19,46222
LU0015,LUNETTE LITTLE H,,LUNETTE LITTLE H,PARAPHARMA,PARAPHARMA,100000,0,Non,18,46222
203020,MACY'S,,MACY'S,PARAPHARMA,PARAPHARMA,20000,0,Non,0,46753
MAGI002,MAGIC POUDRE,,MAGIC POUDRE,PARAPHARMA,PARAPHARMA,30000,0,Non,0,45017
6034678,MAGNO GEL DOUCHE,,MAGNO GEL DOUCHE,PARAPHARMA,PARAPHARMA,35000,0,Non,0,44044
6840085,MAKARI  VOILE DE CORPS  500 ML,,MAKARI  VOILE DE CORPS  500 ML,PARAPHARMA,PARAPHARMA,364000,280000,Non,0,41302
6840047,MAKARI CREME ECLAIRCISSANTE DE JOUR,,MAKARI CREME ECLAIRCISSANTE DE JOUR,PARAPHARMA,PARAPHARMA,229500,176500,Non,0,41302
6840061,MAKARI CREME ECLAIRECISSANTE CAVIAR,,MAKARI CREME ECLAIRECISSANTE CAVIAR,PARAPHARMA,PARAPHARMA,193500,1000,Non,0,41091
6840030,MAKARI ECLAIRCISSANTE DE NUIT,,MAKARI ECLAIRCISSANTE DE NUIT,PARAPHARMA,PARAPHARMA,265750,204400,Non,0,41302
6840269,MAKARI FOND DE TEINT,,MAKARI FOND DE TEINT,PARAPHARMA,PARAPHARMA,265750,204400,Non,0,41540
MARS004,MARSEILLAIS,,MARSEILLAIS,PARAPHARMA,PARAPHARMA,50000,0,Non,0,44927
300031,MASQUE PURIFIANT,,MASQUE PURIFIANT,PARAPHARMA,PARAPHARMA,100000,0,Non,0,44013
MAXI009,MAXI DISQUES,,MAXI DISQUES,PARAPHARMA,PARAPHARMA,50000,0,Non,0,45566
meal000001,MEAL SET,,MEAL SET,PARAPHARMA,PARAPHARMA,60000,42000,Non,1,47818
M0001,MES 1° SOUFFLES,,MES 1° SOUFFLES,PARAPHARMA,PARAPHARMA,20000,14000,Non,0,46235
4403518,MIKUBI,,MIKUBI,PARAPHARMA,PARAPHARMA,20000,0,Non,0,47088
5118,MIMOSA LAIT,,MIMOSA LAIT,PARAPHARMA,PARAPHARMA,65000,0,Non,0,43831
MINC001,MINCEUR 24 FORT,,MINCEUR 24 FORT,PARAPHARMA,PARAPHARMA,295000,0,Non,0,44197
MINC002,MINCEUR ANACA 3 SP,,MINCEUR ANACA 3 SP,PARAPHARMA,PARAPHARMA,490000,0,Non,0,44105
7600603,MIRADENT,,MIRADENT,PARAPHARMA,PARAPHARMA,100000,0,Non,0,44409
160567,MIXA LAIT CORPS HYDRATANT,,MIXA LAIT CORPS HYDRATANT,PARAPHARMA,PARAPHARMA,35000,0,Non,0,45292
MIXA006,MIXA LAIT DE KARITE,,MIXA LAIT DE KARITE,PARAPHARMA,PARAPHARMA,45000,25000,Non,0,45323
2115010,MIXA LAIT FRAICHEUR,,MIXA LAIT FRAICHEUR,PARAPHARMA,PARAPHARMA,35000,0,Non,0,45292
MODL100002,MODILAC AC CONFORT,,MODILAC AC CONFORT,PARAPHARMA,PARAPHARMA,100000,71000,Non,36,46692
MODL100001,MODILAC DOUCEA N°1 400G,,MODILAC DOUCEA N°1 400G,PARAPHARMA,PARAPHARMA,90000,64000,Non,4,46600
MODIL10002,MODILAC DOUCEA N°2 820G,,MODILAC DOUCEA N°2 820G,PARAPHARMA,PARAPHARMA,200000,140000,Non,16,46631
MOD0000001,MODILAC PRECISION N°1,,MODILAC PRECISION N°1,PARAPHARMA,PARAPHARMA,90000,64000,Non,25,46905
MODL100003,MODILAC PRECISION N°2,,MODILAC PRECISION N°2,PARAPHARMA,PARAPHARMA,90000,56000,Non,19,46905
MODL100004,MODILAC PREMA,,MODILAC PREMA,PARAPHARMA,PARAPHARMA,100000,71000,Non,17,46600
MONS009,MONSAVON AU LAIT 100G,,MONSAVON AU LAIT 100G,PARAPHARMA,PARAPHARMA,10000,0,Non,0,45017
9600047,MOONCARE COUCHE ADULT,,MOONCARE COUCHE ADULT,PARAPHARMA,PARAPHARMA,10000,5000,Non,0,45292
PAMP012,MOONCARE COUCHE ENFT,,MOONCARE COUCHE ENFT,PARAPHARMA,PARAPHARMA,110000,80000,Non,0,45992
34437,MOUCHE BEBE,,MOUCHE BEBE,PARAPHARMA,PARAPHARMA,30000,0,Non,0,47484
SOLO001,MOUCHOIRS JETTABLES SOLO,,MOUCHOIRS JETTABLES SOLO,PARAPHARMA,PARAPHARMA,5000,0,Non,0,44866
mousse01,MOUSSE A RASER MENNEN,,MOUSSE A RASER MENNEN,PARAPHARMA,PARAPHARMA,80000,57000,Non,10,47818
281276,MOUTH SPRAY,,MOUTH SPRAY,PARAPHARMA,PARAPHARMA,25000,0,Non,0,43831
MOXI004,MOXIDISQUE,,MOXIDISQUE,PARAPHARMA,PARAPHARMA,25000,0,Non,0,44986
MULTVN001,MULTIVITAMIN,,MULTIVITAMIN,PARAPHARMA,PARAPHARMA,60000,42500,Non,0,46296
MUST0003,MUSTELA GEL LAVANT 500ML,,MUSTELA GEL LAVANT 500ML,PARAPHARMA,PARAPHARMA,160000,114000,Non,2,46935
MUST00003,MUSTELA GEL LAVANT 750ML,,MUSTELA GEL LAVANT 750ML,PARAPHARMA,PARAPHARMA,200000,142000,Non,0,46966
MUST00002,MUSTELA LAIT CORPS 500ML,,MUSTELA LAIT CORPS 500ML,PARAPHARMA,PARAPHARMA,170000,120000,Non,0,46905
MUST00001,MUSTELA LAIT CORPS 750ML,,MUSTELA LAIT CORPS 750ML,PARAPHARMA,PARAPHARMA,200000,140000,Non,2,46905
NAN001,NAN N3,,NAN N3,PARAPHARMA,PARAPHARMA,70000,50000,Non,12,46508
NANA005,NANA SERVIETTE HIGENIQUE,,NANA SERVIETTE HIGENIQUE,PARAPHARMA,PARAPHARMA,14000,0,Non,0,44044
7334,NAOMI BODY LOTION,,NAOMI BODY LOTION,PARAPHARMA,PARAPHARMA,60000,0,Non,0,44196
1394,NAOMI LAIT ECLAIRCISSANT,,NAOMI LAIT ECLAIRCISSANT,PARAPHARMA,PARAPHARMA,60000,0,Non,0,41455
9300103,NAOMI PDRE BB,,NAOMI PDRE BB,PARAPHARMA,PARAPHARMA,38000,0,Non,0,43831
9300524,NAOMI SLIMMING,,NAOMI SLIMMING,PARAPHARMA,PARAPHARMA,75000,0,Non,0,43831
NATUR00001,NATURNES JARDINIERE DE LEGUMES POULET,,NATURNES JARDINIERE DE LEGUMES POULET,PARAPHARMA,PARAPHARMA,45000,32000,Non,0,46266
NATUR001,NATURNES POMME BANANE,,NATURNES POMME BANANE,PARAPHARMA,PARAPHARMA,45000,32000,Non,5,46235
naturnes01,NATURNES POMME PECHE,,NATURNES POMME PECHE,PARAPHARMA,PARAPHARMA,45000,32000,Non,2,46266
NATUR00002,NATURNES POMME POIRE,,NATURNES POMME POIRE,PARAPHARMA,PARAPHARMA,45000,32000,Non,0,46266
NATNES001,NATURNES POTIRON,,NATURNES POTIRON,PARAPHARMA,PARAPHARMA,30000,21000,Non,0,46266
nesquik001,NESQUIK,,NESQUIK,PARAPHARMA,PARAPHARMA,45000,35500,Non,2,46539
NESTL1102,NESTLE BRASSE BANANE,,NESTLE BRASSE BANANE,PARAPHARMA,PARAPHARMA,45000,32000,Non,0,46204
NESTL1101,NESTLE BRASSE FRAISE,,NESTLE BRASSE FRAISE,PARAPHARMA,PARAPHARMA,45000,32000,Non,3,46235
NEST10,NESTLE BRASSE FRUITS ROUGES,,NESTLE BRASSE FRUITS ROUGES,PARAPHARMA,PARAPHARMA,45000,32000,Non,0,46235
NEST11,NESTLE BRASSE MANGUE ANANAS,,NESTLE BRASSE MANGUE ANANAS,PARAPHARMA,PARAPHARMA,45000,32000,Non,0,46266
NESTLE1100,NESTLE BRASSE MYRTILLE,,NESTLE BRASSE MYRTILLE,PARAPHARMA,PARAPHARMA,45000,32000,Non,0,46204
NSTL120000,NESTLE BRASSE NATURE,,NESTLE BRASSE NATURE,PARAPHARMA,PARAPHARMA,45000,32000,Non,-1,46235
NTL00001,NESTLE BRASSE PECHE,,NESTLE BRASSE PECHE,PARAPHARMA,PARAPHARMA,45000,32000,Non,0,46204
nestlefit1,NESTLE FITNESS,,NESTLE FITNESS,PARAPHARMA,PARAPHARMA,60000,42000,Non,3,46388
NESTLE0013,NESTLE PETIT BRASSE ABRICOT,,NESTLE PETIT BRASSE ABRICOT,PARAPHARMA,PARAPHARMA,45000,32000,Non,42,46235
NESTLE12,NESTLE PETIT BRASSE BANANE PECHE,,NESTLE PETIT BRASSE BANANE PECHE,PARAPHARMA,PARAPHARMA,45000,32000,Non,0,46266
NEST000000,NESTLE PETIT BRASSE MANGUE,,NESTLE PETIT BRASSE MANGUE,PARAPHARMA,PARAPHARMA,45000,32000,Non,0,46266
NEST0001,NESTLE PETIT BRASSE MANGUE ANANAS,,NESTLE PETIT BRASSE MANGUE ANANAS,PARAPHARMA,PARAPHARMA,45000,32000,Non,0,46266
BROS014,NESTLE PETIT BRASSE MYRTILLE,,NESTLE PETIT BRASSE MYRTILLE,PARAPHARMA,PARAPHARMA,45000,32000,Non,3,46266
NESTL00003,NESTLE PETIT BRASSE NATURE,,NESTLE PETIT BRASSE NATURE,PARAPHARMA,PARAPHARMA,45000,32000,Non,-5,46266
NESTL00012,NESTLE PETIT CEREALES 8CEREALES,,NESTLE PETIT CEREALES 8CEREALES,PARAPHARMA,PARAPHARMA,65000,42500,Non,15,46508
NESTRECET1,NESTLE RECETTE BLANQUETTE DE RIZ DINDE,,NESTLE RECETTE BLANQUETTE DE RIZ DINDE,PARAPHARMA,PARAPHARMA,45000,32000,Non,0,46174
NESTLRECE1,NESTLE RECETTE CURRY DE POISSON,,NESTLE RECETTE CURRY DE POISSON,PARAPHARMA,PARAPHARMA,45000,32000,Non,-2,46235
nes0000001,NESTLE RECETTE LEGUME BOEUF BOURGUIGNON,,NESTLE RECETTE LEGUME BOEUF BOURGUIGNON,PARAPHARMA,PARAPHARMA,45000,32000,Non,0,46296
ANIO002,NESTLE RECETTE LEGUMES BEAUF,,NESTLE RECETTE LEGUMES BEAUF,PARAPHARMA,PARAPHARMA,45000,0,Non,-2,46296
NEST0003,NESTLE RECETTE LENTILLES VERTES JAMBON,,NESTLE RECETTE LENTILLES VERTES JAMBON,PARAPHARMA,PARAPHARMA,45000,32000,Non,0,46143
NESTLE REC,NESTLE RECETTE PAELLA,,NESTLE RECETTE PAELLA,PARAPHARMA,PARAPHARMA,45000,32000,Non,25,46266
NEST REC01,NESTLE RECETTE PETITS LEGUMES POULET AU LAIT COCO,,NESTLE RECETTE PETITS LEGUMES POULET AU LAIT COCO,PARAPHARMA,PARAPHARMA,45000,32000,Non,0,46266
NTL0002,NESTLE RECETTE SOUPER,,NESTLE RECETTE SOUPER,PARAPHARMA,PARAPHARMA,45000,32000,Non,0,46122
NTL0001,NESTLE RECETTE TAJINE,,NESTLE RECETTE TAJINE,PARAPHARMA,PARAPHARMA,45000,32000,Non,18,46296
3935560,NEUTRADERM BABY,,NEUTRADERM BABY,PARAPHARMA,PARAPHARMA,165000,0,Non,0,47484
LUXC002,NEUTROGENA CREME,,NEUTROGENA CREME,PARAPHARMA,PARAPHARMA,70000,40000,Non,0,45689
1702739,NICE FLOWER BODY,,NICE FLOWER BODY,PARAPHARMA,PARAPHARMA,75000,0,Non,0,43831
NIDO00002,NIDO IMPORTE 900G,,NIDO IMPORTE 900G,PARAPHARMA,PARAPHARMA,180000,125000,Non,3,46692
4101383,NIUMA SKIN LOTION,,NIUMA SKIN LOTION,PARAPHARMA,PARAPHARMA,35000,0,Non,0,43831
16607,NIVEA CREME,,NIVEA CREME,PARAPHARMA,PARAPHARMA,15000,0,Non,0,47788
8846207,NIVEA CRÈME EXPRESS,,NIVEA CRÈME EXPRESS,PARAPHARMA,PARAPHARMA,40000,0,Non,0,44166
8189397,NIVEA GEL DOUCHE,,NIVEA GEL DOUCHE,PARAPHARMA,PARAPHARMA,55000,0,Non,0,45261
8246434,NIVEA LAIT,,NIVEA LAIT,PARAPHARMA,PARAPHARMA,40000,0,Non,0,44927
NIVE001,NIVEA SENSATION,,NIVEA SENSATION,PARAPHARMA,PARAPHARMA,40000,0,Non,0,45200
NUHA0002,NUHANCIAM GEL DOUCHE DOUCEUR,,NUHANCIAM GEL DOUCHE DOUCEUR,PARAPHARMA,PARAPHARMA,160000,114000,Non,5,47818
NUHA00001,NUHANCIAM LAIT CORPS ECLAIRCISSANT TACHES,,NUHANCIAM LAIT CORPS ECLAIRCISSANT TACHES,PARAPHARMA,PARAPHARMA,300000,214000,Non,5,47818
NURS001,NURSY CREME,,NURSY CREME,PARAPHARMA,PARAPHARMA,80000,0,Non,0,45597
NURS002,NURSY GEL,,NURSY GEL,PARAPHARMA,PARAPHARMA,40000,0,Non,0,45597
99147,OLAY BODY SAVON,,OLAY BODY SAVON,PARAPHARMA,PARAPHARMA,20000,0,Non,0,44196
9931474,OLAY GEL DOUCHE,,OLAY GEL DOUCHE,PARAPHARMA,PARAPHARMA,70000,0,Non,0,44196
28182,OLD SPICE PURE SPORT,,OLD SPICE PURE SPORT,PARAPHARMA,PARAPHARMA,45000,0,Non,0,43922
OEDE005,OMBIA CIEN,,OMBIA CIEN,PARAPHARMA,PARAPHARMA,25000,0,Non,0,47757
OMBI001,OMBIA GEL,,OMBIA GEL,PARAPHARMA,PARAPHARMA,35000,0,Non,0,47757
OMEG004,OMEGA 3 GELLU,,OMEGA 3 GELLU,PARAPHARMA,PARAPHARMA,1000,0,Non,0,45627
1000930,ONE MAN SHOW,,ONE MAN SHOW,PARAPHARMA,PARAPHARMA,180000,0,Non,0,43831
8556719,ORGANICS SHEA BUTTER,,ORGANICS SHEA BUTTER,PARAPHARMA,PARAPHARMA,65000,0,Non,0,43831
8523406,ORGANICS SMOOTHING SERUM,,ORGANICS SMOOTHING SERUM,PARAPHARMA,PARAPHARMA,65000,0,Non,0,43831
9472744,PALMOLIVE SHAMPOOING,,PALMOLIVE SHAMPOOING,PARAPHARMA,PARAPHARMA,40000,0,Non,0,44044
COTO003,PAMPER MOTS D'ENFANT DOUCEURS N5,,PAMPER MOTS D'ENFANT DOUCEURS N5,PARAPHARMA,PARAPHARMA,200000,0,Non,0,47635
pamp00002,PAMPERS ADULT SLEEPY,,PAMPERS ADULT SLEEPY,PARAPHARMA,PARAPHARMA,80000,57000,Non,4,47818
PAMP0001,PAMPERS ADULTE AIWINA L,,PAMPERS ADULTE AIWINA L,PARAPHARMA,PARAPHARMA,85000,60000,Non,10,47818
PAMP0003,PAMPERS ADULTE AIWINA PANT L,,PAMPERS ADULTE AIWINA PANT L,PARAPHARMA,PARAPHARMA,100000,71000,Non,10,47818
PAMP0004,PAMPERS ADULTE AIWINA PANT XL,,PAMPERS ADULTE AIWINA PANT XL,PARAPHARMA,PARAPHARMA,100000,71000,Non,7,47818
PAMP0002,PAMPERS ADULTE AIWINA XL,,PAMPERS ADULTE AIWINA XL,PARAPHARMA,PARAPHARMA,85000,60000,Non,10,47818
PAMP0006,PAMPERS AWIBI N°2,,PAMPERS AWIBI N°2,PARAPHARMA,PARAPHARMA,85000,60000,Non,3,47818
PAMP0007,PAMPERS AWIBI N°3,,PAMPERS AWIBI N°3,PARAPHARMA,PARAPHARMA,85000,60000,Non,3,47818
awib01,PAMPERS AWIBI N°5,,PAMPERS AWIBI N°5,PARAPHARMA,PARAPHARMA,85000,60000,Non,4,47088
awi0000001,PAMPERS AWIBI N°6,,PAMPERS AWIBI N°6,PARAPHARMA,PARAPHARMA,85000,60000,Non,5,47088
pamp0005,PAMPERS AWIBI N4,,PAMPERS AWIBI N4,PARAPHARMA,PARAPHARMA,85000,60000,Non,12,47088
PAMP00013,PAMPERS AWIBI PANT N°3,,PAMPERS AWIBI PANT N°3,PARAPHARMA,PARAPHARMA,85000,60000,Non,2,47818
awib00002,PAMPERS AWIBI PANT N°4,,PAMPERS AWIBI PANT N°4,PARAPHARMA,PARAPHARMA,85000,57000,Non,0,49644
PAMP00012,PAMPERS AWIBI PANT N°5,,PAMPERS AWIBI PANT N°5,PARAPHARMA,PARAPHARMA,85000,71000,Non,0,47818
9414118,PAMPERS BABY DRY N°6,,PAMPERS BABY DRY N°6,PARAPHARMA,PARAPHARMA,450000,38500,Non,3,47484
4777124,PAMPERS BABY DRY N03 P/186,,PAMPERS BABY DRY N03 P/186,PARAPHARMA,PARAPHARMA,450000,38500,Non,0,47484
9541655,PAMPERS BABY DRY PANTS N°4,,PAMPERS BABY DRY PANTS N°4,PARAPHARMA,PARAPHARMA,200000,0,Non,1,47604
9600023,PAMPERS BABY DRY PANTS N°5,,PAMPERS BABY DRY PANTS N°5,PARAPHARMA,PARAPHARMA,200000,38500,Non,1,47484
3482137,PAMPERS BABY DRY PANTS N04 P/41,,PAMPERS BABY DRY PANTS N04 P/41,PARAPHARMA,PARAPHARMA,450000,7500,Non,4,50406
DRY001,PAMPERS DRYNITES,,PAMPERS DRYNITES,PARAPHARMA,PARAPHARMA,150000,100000,Non,10,46459
348213A,PAMPERS LOT D'ENFANT N06,,PAMPERS LOT D'ENFANT N06,PARAPHARMA,PARAPHARMA,220000,0,Non,0,47484
COTO006,PAMPERS MOT D'ENFANT DOUCEURS N4,,PAMPERS MOT D'ENFANT DOUCEURS N4,PARAPHARMA,PARAPHARMA,200000,0,Non,0,47635
9414668,PAMPERS MOTS D'ENFNT CONFORT N6,,PAMPERS MOTS D'ENFNT CONFORT N6,PARAPHARMA,PARAPHARMA,200000,42500,Non,0,47484
222200,PAMPERS MOTS D'ENFNT DOUCEURS N3,,PAMPERS MOTS D'ENFNT DOUCEURS N3,PARAPHARMA,PARAPHARMA,200000,50000,Non,0,47604
COTO005,PAMPERS MOTS D'ENFNT ULTRA CONFORT N5,,PAMPERS MOTS D'ENFNT ULTRA CONFORT N5,PARAPHARMA,PARAPHARMA,230000,0,Non,3,47635
8051058,PAMPERS SIRIUS N4,,PAMPERS SIRIUS N4,PARAPHARMA,PARAPHARMA,75000,17405,Non,2,46874
PPM00001,PAPERS MINTS,,PAPERS MINTS,PARAPHARMA,PARAPHARMA,25000,17500,Non,52,47818
PARO009,PARODONTAX BAIN DE BOUCHE,,PARODONTAX BAIN DE BOUCHE,PARAPHARMA,PARAPHARMA,91000,45000,Non,0,44531
1478343,PAROGENCYL PATE DENT,,PAROGENCYL PATE DENT,PARAPHARMA,PARAPHARMA,45150,30493,Non,0,41458
PARO005,PAROX SOLUTION  BB 100ML,,PAROX SOLUTION  BB 100ML,PARAPHARMA,PARAPHARMA,20000,0,Non,0,43770
PARO006,PAROX SOLUTION  BB 300ML,,PAROX SOLUTION  BB 300ML,PARAPHARMA,PARAPHARMA,40000,0,Non,0,43739
P0012,PATE COLGATE CHARBON,,PATE COLGATE CHARBON,PARAPHARMA,PARAPHARMA,25000,14000,Non,0,46584
PATE007,PATE COLGATE TOTAL,,PATE COLGATE TOTAL,PARAPHARMA,PARAPHARMA,25000,0,Non,0,47058
p0015,PATE COLGATE TRIPLE ACTION,,PATE COLGATE TRIPLE ACTION,PARAPHARMA,PARAPHARMA,20000,12000,Non,12,46450
PATE002,PATE DENTALUX COMPLEX 3,,PATE DENTALUX COMPLEX 3,PARAPHARMA,PARAPHARMA,20000,0,Non,0,45748
PATE008,PATE DENTALUX COMPLEX 5,,PATE DENTALUX COMPLEX 5,PARAPHARMA,PARAPHARMA,25000,0,Non,0,46082
PATE009,PATE DENTALUX COMPLEX 7,,PATE DENTALUX COMPLEX 7,PARAPHARMA,PARAPHARMA,30000,0,Non,0,44896
DENT005,PATE DENTALUX ENFANT,,PATE DENTALUX ENFANT,PARAPHARMA,PARAPHARMA,20000,15000,Non,0,45962
LON1254,PATE LONGRICH GRAND,,PATE LONGRICH GRAND,PARAPHARMA,PARAPHARMA,60000,18000,Non,0,46722
PA524,PATE SIGNAL ENFANT,,PATE SIGNAL ENFANT,PARAPHARMA,PARAPHARMA,30000,10000,Non,0,46722
PA0452,PATE SIGNAL POMPE,,PATE SIGNAL POMPE,PARAPHARMA,PARAPHARMA,40000,15000,Non,0,46722
PAT00001,PATTE COLGATE ENFANT 0 A 2ANS,,PATTE COLGATE ENFANT 0 A 2ANS,PARAPHARMA,PARAPHARMA,15000,10500,Non,9,46722
PATT0002,PATTE COLGATE ENFANT 2-5 ANS,,PATTE COLGATE ENFANT 2-5 ANS,PARAPHARMA,PARAPHARMA,15000,10500,Non,0,46722
MDNN0001,PATTE MEDIANN GRAND,,PATTE MEDIANN GRAND,PARAPHARMA,PARAPHARMA,20000,14000,Non,3,46692
PROC002,PATTE MEDIANN PETIT,,PATTE MEDIANN PETIT,PARAPHARMA,PARAPHARMA,15000,0,Non,4,51136
P478,PEPPER MINT SPRAY,,PEPPER MINT SPRAY,PARAPHARMA,PARAPHARMA,25000,16000,Non,23,46722
PTT00001,PETIT BISCUIT NESTLE,,PETIT BISCUIT NESTLE,PARAPHARMA,PARAPHARMA,60000,42500,Non,0,46357
6200374,PHARMAPUR SAVON CLASSIQUE,,PHARMAPUR SAVON CLASSIQUE,PARAPHARMA,PARAPHARMA,12000,0,Non,0,44044
PHYS02,PHYSIOLAC BIO AR N°1 800G,,PHYSIOLAC BIO AR N°1 800G,PARAPHARMA,PARAPHARMA,360000,257000,Non,0,46327
PHYSIO1000,PHYSIOLAC BIO CACAO,,PHYSIOLAC BIO CACAO,PARAPHARMA,PARAPHARMA,65000,46200,Non,0,46478
PHYSIOLA01,PHYSIOLAC BIO N°1 800G,,PHYSIOLAC BIO N°1 800G,PARAPHARMA,PARAPHARMA,280000,200000,Non,7,47178
PHYSIOLA2,PHYSIOLAC BIO N°2 800G,,PHYSIOLAC BIO N°2 800G,PARAPHARMA,PARAPHARMA,280000,200000,Non,5,47178
PHYS01,PHYSIOLAC BIO N°3 800G,,PHYSIOLAC BIO N°3 800G,PARAPHARMA,PARAPHARMA,280000,200000,Non,13,47178
PHYS03,PHYSIOLAC DIARRHEES,,PHYSIOLAC DIARRHEES,PARAPHARMA,PARAPHARMA,175000,125000,Non,0,46935
PHYS0003,PHYSIOLAC N°2 800G,,PHYSIOLAC N°2 800G,PARAPHARMA,PARAPHARMA,200000,140000,Non,7,47119
PHYS00002,PHYSIOLAC N°3 400G,,PHYSIOLAC N°3 400G,PARAPHARMA,PARAPHARMA,100000,64000,Non,25,47119
PHYSIOLAC1,PHYSIOLAC N°3 800G,,PHYSIOLAC N°3 800G,PARAPHARMA,PARAPHARMA,200000,140000,Non,13,46935
PIOR001,PIOREX BAIN DE BOUCHE 012%,,PIOREX BAIN DE BOUCHE 012%,PARAPHARMA,PARAPHARMA,20000,0,Non,0,44986
POM P00001,POM POTES LOT DE 12,,POM POTES LOT DE 12,PARAPHARMA,PARAPHARMA,120000,32000,Non,-17,46388
7102284,POM POTES LOT DE 16,,POM POTES LOT DE 16,PARAPHARMA,PARAPHARMA,130000,92500,Non,0,46235
ONET004,POT DE CONSERVATION DBD,,POT DE CONSERVATION DBD,PARAPHARMA,PARAPHARMA,50000,0,Non,2,47027
PR4587,PR FRANCOIS BEDON BAUME PURIFIANT,,PR FRANCOIS BEDON BAUME PURIFIANT,PARAPHARMA,PARAPHARMA,500000,0,Non,2,47484
PR007,PR FRANCOIS BEDON BAUME PURIFIANT CAROTTE,,PR FRANCOIS BEDON BAUME PURIFIANT CAROTTE,PARAPHARMA,PARAPHARMA,500000,0,Non,2,47484
PR10045,PR FRANCOIS BEDON BAUME PURIFIANT REPARATEUR,,PR FRANCOIS BEDON BAUME PURIFIANT REPARATEUR,PARAPHARMA,PARAPHARMA,700000,0,Non,3,47484
PR04595,PR FRANCOIS BEDON BOOSTER CAROTTE,,PR FRANCOIS BEDON BOOSTER CAROTTE,PARAPHARMA,PARAPHARMA,800000,0,Non,2,47484
4802719,PR FRANCOIS BEDON CREME CAROTTE,,PR FRANCOIS BEDON CREME CAROTTE,PARAPHARMA,PARAPHARMA,280000,1000,Non,3,51533
PR7410,PR FRANCOIS BEDON CREME REPARATEUR,,PR FRANCOIS BEDON CREME REPARATEUR,PARAPHARMA,PARAPHARMA,500000,0,Non,1,47484
PR000458,PR FRANCOIS BEDON CREME ROYAL,,PR FRANCOIS BEDON CREME ROYAL,PARAPHARMA,PARAPHARMA,480000,0,Non,3,47484
PR0005,PR FRANCOIS BEDON LAIT CAROTTE,,PR FRANCOIS BEDON LAIT CAROTTE,PARAPHARMA,PARAPHARMA,460000,0,Non,4,47484
PR00254,PR FRANCOIS BEDON LAIT CAVIAR,,PR FRANCOIS BEDON LAIT CAVIAR,PARAPHARMA,PARAPHARMA,600000,0,Non,3,47484
PR0054,PR FRANCOIS BEDON LAIT HOMME,,PR FRANCOIS BEDON LAIT HOMME,PARAPHARMA,PARAPHARMA,460000,0,Non,3,47484
PR4780,PR FRANCOIS BEDON LAIT REPARATEUR,,PR FRANCOIS BEDON LAIT REPARATEUR,PARAPHARMA,PARAPHARMA,800000,0,Non,4,47484
PR00452,PR FRANCOIS BEDON LAIT ROYAL,,PR FRANCOIS BEDON LAIT ROYAL,PARAPHARMA,PARAPHARMA,700000,0,Non,4,47484
PR005,PR FRANCOIS BEDON SAVON CAROTTE,,PR FRANCOIS BEDON SAVON CAROTTE,PARAPHARMA,PARAPHARMA,180000,0,Non,3,47484
PR45969,PR FRANCOIS BEDON SAVON CAVIAR,,PR FRANCOIS BEDON SAVON CAVIAR,PARAPHARMA,PARAPHARMA,200000,0,Non,3,47484
PR0045,PR FRANCOIS BEDON SAVON HOMME,,PR FRANCOIS BEDON SAVON HOMME,PARAPHARMA,PARAPHARMA,180000,0,Non,3,47484
PR4470,PR FRANCOIS BEDON SAVON REPARATEUR,,PR FRANCOIS BEDON SAVON REPARATEUR,PARAPHARMA,PARAPHARMA,450000,0,Non,3,47484
31214,PR FRANCOIS BEDON SAVON ROYAL,,PR FRANCOIS BEDON SAVON ROYAL,PARAPHARMA,PARAPHARMA,400000,0,Non,3,47484
PR006,PR FRANCOIS BEDON SERUM CAROTTE,,PR FRANCOIS BEDON SERUM CAROTTE,PARAPHARMA,PARAPHARMA,210000,0,Non,3,47484
PR778963,PR FRANCOIS BEDON SERUM REPARATEUR,,PR FRANCOIS BEDON SERUM REPARATEUR,PARAPHARMA,PARAPHARMA,500000,0,Non,3,47484
301464,PR FRANCOIS BEDON SERUM ROYAL,,PR FRANCOIS BEDON SERUM ROYAL,PARAPHARMA,PARAPHARMA,450000,5625,Non,3,51987
PRES005,PRESERVATIF CONDOM,,PRESERVATIF CONDOM,PARAPHARMA,PARAPHARMA,5000,0,Non,0,44805
PRESV005,PRESERVATIF INNOTEX RETARDENT,,PRESERVATIF INNOTEX RETARDENT,PARAPHARMA,PARAPHARMA,16000,0,Non,0,44166
6405691,PRESERVATIF KISS GOLD B/3,,PRESERVATIF KISS GOLD B/3,PARAPHARMA,PARAPHARMA,20000,0,Non,0,45689
1612605,PRESERVATIF MANIX ENDURANCE B/12,,PRESERVATIF MANIX ENDURANCE B/12,PARAPHARMA,PARAPHARMA,73050,49358,Non,0,41548
4007410,PRESERVATIF PRESA B/3,,PRESERVATIF PRESA B/3,PARAPHARMA,PARAPHARMA,10000,3571,Non,0,45870
660035,PRESERVATIF SOFTIE B/3,,PRESERVATIF SOFTIE B/3,PARAPHARMA,PARAPHARMA,18000,0,Non,0,45778
1059,PRESEVATIF INNOTEX B/3,,PRESEVATIF INNOTEX B/3,PARAPHARMA,PARAPHARMA,15000,5816,Non,0,42461
prof000000,PROFESSIOAL - CARE,,PROFESSIOAL - CARE,PARAPHARMA,PARAPHARMA,30000,20500,Non,1,47818
RAZO001,PURSSENTIEL,,PURSSENTIEL,PARAPHARMA,PARAPHARMA,50000,0,Non,3,52018
90396,QEI + LAIT ORIENTAL,,QEI + LAIT ORIENTAL,PARAPHARMA,PARAPHARMA,300000,49000,Non,0,47727
7900013,QEI + SAVON ACTIVE HARMONIE,,QEI + SAVON ACTIVE HARMONIE,PARAPHARMA,PARAPHARMA,150000,0,Non,2,51441
89857,QEI + SAVON OR,,QEI + SAVON OR,PARAPHARMA,PARAPHARMA,160000,23400,Non,1,47727
7900099,QEI + SAVON PRIVILEGE,,QEI + SAVON PRIVILEGE,PARAPHARMA,PARAPHARMA,150000,0,Non,2,51502
9555412,QEI + SAVON REPARATEUR,,QEI + SAVON REPARATEUR,PARAPHARMA,PARAPHARMA,150000,0,Non,0,47484
DOU003,QEI + SERM PREVELEGE,,QEI + SERM PREVELEGE,PARAPHARMA,PARAPHARMA,150000,1000,Non,2,47515
6009288,QEI + SERUM EXTREME,,QEI + SERUM EXTREME,PARAPHARMA,PARAPHARMA,150000,0,Non,2,51136
8000162,QEI + SERUM OR,,QEI + SERUM OR,PARAPHARMA,PARAPHARMA,150000,0,Non,2,51502
222187,QEI + SERUM REPARATEUR,,QEI + SERUM REPARATEUR,PARAPHARMA,PARAPHARMA,150000,50000,Non,2,47604
Q145,QMIX LAIT A LA BUSSEROLE,,QMIX LAIT A LA BUSSEROLE,PARAPHARMA,PARAPHARMA,300000,0,Non,5,47484
Q484,QMIX LAIT ALOE VERA ET CAROTTE,,QMIX LAIT ALOE VERA ET CAROTTE,PARAPHARMA,PARAPHARMA,370000,0,Non,6,47484
Q1225,QMIX LAIT CAROTTE ET PAPAYE,,QMIX LAIT CAROTTE ET PAPAYE,PARAPHARMA,PARAPHARMA,300000,0,Non,6,47484
Q585,QMIX LAIT NIACINAMIDE ET HERBE DE TIGRE,,QMIX LAIT NIACINAMIDE ET HERBE DE TIGRE,PARAPHARMA,PARAPHARMA,370000,0,Non,5,47484
Q96540,QMIX SAVON CAROTTE ET PAPAYE,,QMIX SAVON CAROTTE ET PAPAYE,PARAPHARMA,PARAPHARMA,150000,0,Non,6,47484
Q7896,QMIX SAVON NOYAUX D'ABRICOT,,QMIX SAVON NOYAUX D'ABRICOT,PARAPHARMA,PARAPHARMA,150000,0,Non,5,47484
4331995,RAPID CLAIR GEL CREME,,RAPID CLAIR GEL CREME,PARAPHARMA,PARAPHARMA,20000,0,Non,0,43831
597043,RASOIR BLADE,,RASOIR BLADE,PARAPHARMA,PARAPHARMA,50000,0,Non,0,51441
1021409,RECHARGE MACH 3,,RECHARGE MACH 3,PARAPHARMA,PARAPHARMA,100000,60000,Non,0,45658
90666,RECOTTE BIO CAROTTE,,RECOTTE BIO CAROTTE,PARAPHARMA,PARAPHARMA,30000,0,Non,0,46143
9051514,RECOTTE BIO HARICOT VERT,,RECOTTE BIO HARICOT VERT,PARAPHARMA,PARAPHARMA,30000,0,Non,0,46357
90455,RECRE OLE 12 GOURDES,,RECRE OLE 12 GOURDES,PARAPHARMA,PARAPHARMA,120000,25073,Non,1,46327
FRAN006,RECRE OLE 20 GOURDES,,RECRE OLE 20 GOURDES,PARAPHARMA,PARAPHARMA,190000,0,Non,0,46113
REFL001,REFLEX PATE,,REFLEX PATE,PARAPHARMA,PARAPHARMA,15000,0,Non,0,44470
REXO002,REXONA ADVENTURE MAN,,REXONA ADVENTURE MAN,PARAPHARMA,PARAPHARMA,40000,0,Non,0,44105
rid00001,RIDIELAC LAIT  ET BLE,,RIDIELAC LAIT  ET BLE,PARAPHARMA,PARAPHARMA,35000,25000,Non,0,46569
ROG0001,ROGE CAVAILLES GEL BAIN DOUCHE,,ROGE CAVAILLES GEL BAIN DOUCHE,PARAPHARMA,PARAPHARMA,90000,64000,Non,5,47818
170625,ROXANA,,ROXANA,PARAPHARMA,PARAPHARMA,35000,25000,Non,0,47484
sachet0022,SACHET DE CONSERVATION MOME EASY,,SACHET DE CONSERVATION MOME EASY,PARAPHARMA,PARAPHARMA,100000,71000,Non,6,49644
4360032,SANTA DOUCHE,,SANTA DOUCHE,PARAPHARMA,PARAPHARMA,30000,5000,Non,0,46174
SAVO014,SAVON ACNEREX,,SAVON ACNEREX,PARAPHARMA,PARAPHARMA,49000,0,Non,0,46784
50003,SAVON BRILA,,SAVON BRILA,PARAPHARMA,PARAPHARMA,15000,0,Non,0,45292
50019,SAVON BRILA MIEL,,SAVON BRILA MIEL,PARAPHARMA,PARAPHARMA,13000,0,Non,0,43831
6602075,SAVON CIEN,,SAVON CIEN,PARAPHARMA,PARAPHARMA,20000,0,Non,0,47696
9590055,SAVON CLEOPATRA,,SAVON CLEOPATRA,PARAPHARMA,PARAPHARMA,10000,0,Non,0,45809
24000,SAVON DETTOL,,SAVON DETTOL,PARAPHARMA,PARAPHARMA,35000,25000,Non,5,47574
DIAL001,SAVON DIADERMINE,,SAVON DIADERMINE,PARAPHARMA,PARAPHARMA,30000,15000,Non,0,45658
DOVE001,SAVON DOVE,,SAVON DOVE,PARAPHARMA,PARAPHARMA,15000,0,Non,0,45444
43708,SAVON DUDU-OSUN 150G,,SAVON DUDU-OSUN 150G,PARAPHARMA,PARAPHARMA,35000,0,Non,0,45809
SAVO002,SAVON FAIRSOL,,SAVON FAIRSOL,PARAPHARMA,PARAPHARMA,49000,0,Non,0,46235
277510,SAVON IRISH SPRING,,SAVON IRISH SPRING,PARAPHARMA,PARAPHARMA,15000,0,Non,0,45992
SAVO004,SAVON KETO,,SAVON KETO,PARAPHARMA,PARAPHARMA,49000,0,Non,6,46753
666009,SAVON LE CHAT,,SAVON LE CHAT,PARAPHARMA,PARAPHARMA,15000,6666,Non,0,45809
MEDI005,SAVON LONGRICH,,SAVON LONGRICH,PARAPHARMA,PARAPHARMA,35000,20000,Non,0,45748
SAVO009,SAVON MEDEPHIL,,SAVON MEDEPHIL,PARAPHARMA,PARAPHARMA,45000,0,Non,5,47119
453355,SAVON MISS PARIS,,SAVON MISS PARIS,PARAPHARMA,PARAPHARMA,10000,5000,Non,0,45778
6200343,SAVON NEUTRADERM BABY,,SAVON NEUTRADERM BABY,PARAPHARMA,PARAPHARMA,71000,0,Non,0,45931
8135318,SAVON NIVEA,,SAVON NIVEA,PARAPHARMA,PARAPHARMA,15000,0,Non,0,43831
6003698,SAVON POUR LA MAINS,,SAVON POUR LA MAINS,PARAPHARMA,PARAPHARMA,20000,0,Non,0,47484
SAVO005,SAVON PROTEX,,SAVON PROTEX,PARAPHARMA,PARAPHARMA,15000,0,Non,0,46082
7686,SAVON ROCKY,,SAVON ROCKY,PARAPHARMA,PARAPHARMA,10000,5000,Non,0,45292
1700002,SAVON SAFEX,,SAVON SAFEX,PARAPHARMA,PARAPHARMA,10000,5000,Non,0,46054
SAVO008,SAVON SKINN-C,,SAVON SKINN-C,PARAPHARMA,PARAPHARMA,45000,0,Non,5,47119
SANT001,SAVON SUPER CLAIR,,SAVON SUPER CLAIR,PARAPHARMA,PARAPHARMA,10000,6000,Non,0,45658
10440,SAVON USA,,SAVON USA,PARAPHARMA,PARAPHARMA,35000,0,Non,0,47484
8440129,SAVON VEGEBOM,,SAVON VEGEBOM,PARAPHARMA,PARAPHARMA,35000,0,Non,0,45292
SACP002,SCIEN BABY,,SCIEN BABY,PARAPHARMA,PARAPHARMA,50000,0,Non,0,46388
PHAR0010,SENSODY PRONAMEL,,SENSODY PRONAMEL,PARAPHARMA,PARAPHARMA,85000,0,Non,1,46478
8205756,SENSODYNE BAIN DE BOUCHE,,SENSODYNE BAIN DE BOUCHE,PARAPHARMA,PARAPHARMA,70000,35500,Non,8,46539
SAVO019,SENSODYNE BLANCHISSANT,,SENSODYNE BLANCHISSANT,PARAPHARMA,PARAPHARMA,80000,0,Non,0,46478
4500015,SENSODYNE PATE ACTION SENSIBILITE,,SENSODYNE PATE ACTION SENSIBILITE,PARAPHARMA,PARAPHARMA,60000,35000,Non,0,46174
HUGG003,SENSODYNE PATE SOIN BLANCHEUR,,SENSODYNE PATE SOIN BLANCHEUR,PARAPHARMA,PARAPHARMA,60000,45000,Non,0,45323
LORE001,SERUM EX,,SERUM EX,PARAPHARMA,PARAPHARMA,25000,15000,Non,0,45931
7010280,SERUM EXCLUSIVE,,SERUM EXCLUSIVE,PARAPHARMA,PARAPHARMA,105000,0,Non,0,47696
alvar00002,SET PEANCETS,,SET PEANCETS,PARAPHARMA,PARAPHARMA,60000,42000,Non,3,47818
281825,SHINE BABY,,SHINE BABY,PARAPHARMA,PARAPHARMA,45000,0,Non,0,47818
SIGN001,SIGNAL BAIN DE BOUCHE,,SIGNAL BAIN DE BOUCHE,PARAPHARMA,PARAPHARMA,50000,0,Non,0,46388
PERL001,SIGNAL ENTEGRAL 8,,SIGNAL ENTEGRAL 8,PARAPHARMA,PARAPHARMA,30000,0,Non,1,51136
PATE005,SIGNAL HALEINE PRERE,,SIGNAL HALEINE PRERE,PARAPHARMA,PARAPHARMA,30000,0,Non,0,51775
PHYL001,SIGNAL PROTECTION CARIES,,SIGNAL PROTECTION CARIES,PARAPHARMA,PARAPHARMA,50000,0,Non,0,51136
alvar00005,SILICONE TABLE WARE,,SILICONE TABLE WARE,PARAPHARMA,PARAPHARMA,80000,57000,Non,2,47818
100137,SINPLI CHOISE MEDIUM LOT 4,,SINPLI CHOISE MEDIUM LOT 4,PARAPHARMA,PARAPHARMA,30000,0,Non,0,51288
8062267,SMART DEO,,SMART DEO,PARAPHARMA,PARAPHARMA,25000,0,Non,0,42339
7101523,SNONAS CREME,,SNONAS CREME,PARAPHARMA,PARAPHARMA,20000,0,Non,0,43831
7301046,SNONAS DEO SPRAY,,SNONAS DEO SPRAY,PARAPHARMA,PARAPHARMA,25000,0,Non,0,43831
7302012,SNONAS ESPUMA MOUCHE A RASER,,SNONAS ESPUMA MOUCHE A RASER,PARAPHARMA,PARAPHARMA,40000,0,Non,0,43831
7101509,SNONAS GEL CREME,,SNONAS GEL CREME,PARAPHARMA,PARAPHARMA,40000,0,Non,0,43831
7201095,SNONAS PARFUM,,SNONAS PARFUM,PARAPHARMA,PARAPHARMA,45000,0,Non,0,43831
1700023,SO WHITE CRÈME GEL,,SO WHITE CRÈME GEL,PARAPHARMA,PARAPHARMA,40000,0,Non,0,44166
1700012,SO WHITE GEL DOUCHE,,SO WHITE GEL DOUCHE,PARAPHARMA,PARAPHARMA,100000,0,Non,0,44196
1700092,SO WHITE HUILE ECLAIRCISSANTE,,SO WHITE HUILE ECLAIRCISSANTE,PARAPHARMA,PARAPHARMA,55000,0,Non,0,44166
1700022,SO WHITE LAIT SKIN ÉCLAIRCISSANT,,SO WHITE LAIT SKIN ÉCLAIRCISSANT,PARAPHARMA,PARAPHARMA,105000,0,Non,0,44196
1700080,SO WHITE LINGETTES INTIME,,SO WHITE LINGETTES INTIME,PARAPHARMA,PARAPHARMA,36000,0,Non,0,41244
1700091,SO WHITE LOTION PURIFIANTE,,SO WHITE LOTION PURIFIANTE,PARAPHARMA,PARAPHARMA,70000,0,Non,0,44166
1117888,STICK CADUM,,STICK CADUM,PARAPHARMA,PARAPHARMA,25000,0,Non,0,46753
56664,STICK DOVE,,STICK DOVE,PARAPHARMA,PARAPHARMA,35000,0,Non,9,47574
DOV00001,STICK DOVE,,STICK DOVE,PARAPHARMA,PARAPHARMA,0,0,Non,0,46447
8001705,STICK LEVRES TOPICREAM,,STICK LEVRES TOPICREAM,PARAPHARMA,PARAPHARMA,35000,2630,Non,0,45778
2700023,STICK L'OREAL,,STICK L'OREAL,PARAPHARMA,PARAPHARMA,35000,0,Non,0,47484
21011,STICK NARTA,,STICK NARTA,PARAPHARMA,PARAPHARMA,40000,28500,Non,10,47696
8307715,STICK NIVEA,,STICK NIVEA,PARAPHARMA,PARAPHARMA,35000,25000,Non,10,46813
stick001,STICK REXONA,,STICK REXONA,PARAPHARMA,PARAPHARMA,35000,25000,Non,0,47818
123439,STICK SECRET,,STICK SECRET,PARAPHARMA,PARAPHARMA,50000,0,Non,0,41517
5478341,STICK SUAVE,,STICK SUAVE,PARAPHARMA,PARAPHARMA,35000,0,Non,4,47484
9250290,STICK URIAGE BIO,,STICK URIAGE BIO,PARAPHARMA,PARAPHARMA,25000,3780,Non,0,51714
STCK0001,STICK USHUAIA,,STICK USHUAIA,PARAPHARMA,PARAPHARMA,25000,17500,Non,0,47543
2357,SUCETTE 0-6 MOIS,,SUCETTE 0-6 MOIS,PARAPHARMA,PARAPHARMA,45000,0,Non,0,46753
42431,SUCETTE BEBE CONFORT,,SUCETTE BEBE CONFORT,PARAPHARMA,PARAPHARMA,50000,0,Non,0,47484
3016331,SUCETTE DBD LOT DE 2,,SUCETTE DBD LOT DE 2,PARAPHARMA,PARAPHARMA,50000,0,Non,0,47484
2315385,SUCETTE DOUBLE,,SUCETTE DOUBLE,PARAPHARMA,PARAPHARMA,60000,0,Non,0,53236
6200367,SUCRIA A 150G,,SUCRIA A 150G,PARAPHARMA,PARAPHARMA,50000,0,Non,-1,46966
CORI006,SUPER CONFORT N02,,SUPER CONFORT N02,PARAPHARMA,PARAPHARMA,38500,0,Non,0,45017
CORI003,SUPER CONFORT N03,,SUPER CONFORT N03,PARAPHARMA,PARAPHARMA,75000,0,Non,0,45017
COTO010,SUPER CONFORT N04,,SUPER CONFORT N04,PARAPHARMA,PARAPHARMA,15000,12000,Non,0,46204
COTO13,SUPER CONFORT N05,,SUPER CONFORT N05,PARAPHARMA,PARAPHARMA,70000,0,Non,0,47788
COTO012,SUPER CONFORT N06,,SUPER CONFORT N06,PARAPHARMA,PARAPHARMA,70000,0,Non,0,47818
COTO009,SUPER CONFORT N07,,SUPER CONFORT N07,PARAPHARMA,PARAPHARMA,70000,0,Non,0,47696
SUPE004,SUPER MAX ULTIMATE,,SUPER MAX ULTIMATE,PARAPHARMA,PARAPHARMA,20000,0,Non,0,45200
3060,T5 CRÉME ÈCLAIRCISSANT,,T5 CRÉME ÈCLAIRCISSANT,PARAPHARMA,PARAPHARMA,30000,0,Non,0,40909
1462,T5 LAIT ÉCLAIRCISSANT,,T5 LAIT ÉCLAIRCISSANT,PARAPHARMA,PARAPHARMA,75000,0,Non,0,44075
1608,T5 SOIN HYDRATANT NOURRISSANT,,T5 SOIN HYDRATANT NOURRISSANT,PARAPHARMA,PARAPHARMA,75000,0,Non,0,43831
786,TAAJ DERMO VEDIC CREME,,TAAJ DERMO VEDIC CREME,PARAPHARMA,PARAPHARMA,120000,0,Non,1,47484
tabl000001,TABLE WARE SET,,TABLE WARE SET,PARAPHARMA,PARAPHARMA,60000,42000,Non,2,47818
tamp01,TAMPAX,,TAMPAX,PARAPHARMA,PARAPHARMA,80000,57000,Non,4,47818
IVOR004,TASSE ALVAR,,TASSE ALVAR,PARAPHARMA,PARAPHARMA,20000,0,Non,5,51441
9,TASSE CUP-SET,,TASSE CUP-SET,PARAPHARMA,PARAPHARMA,50000,0,Non,2,47484
90004583,TASSE DBD,,TASSE DBD,PARAPHARMA,PARAPHARMA,50000,0,Non,0,47727
alvar00008,TASSE EN SILICONE BB,,TASSE EN SILICONE BB,PARAPHARMA,PARAPHARMA,50000,35500,Non,1,47818
DEOD005,TASSE KALAS,,TASSE KALAS,PARAPHARMA,PARAPHARMA,50000,15000,Non,2,46844
CREM004,TASSE NUBY,,TASSE NUBY,PARAPHARMA,PARAPHARMA,50000,20000,Non,2,51227
TASS002,TASSE NUTRIBON,,TASSE NUTRIBON,PARAPHARMA,PARAPHARMA,25000,0,Non,0,44075
TEAG001,TEAGRANCE PATE,,TEAGRANCE PATE,PARAPHARMA,PARAPHARMA,20000,0,Non,0,45078
4471972,TENSIOMETRE IDA,,TENSIOMETRE IDA,PARAPHARMA,PARAPHARMA,105000,264000,Non,0,47818
TENS009,TENSIOMETRE PRIPNET LABEL,,TENSIOMETRE PRIPNET LABEL,PARAPHARMA,PARAPHARMA,320000,0,Non,0,46997
tet0000007,TETINE B 3,,TETINE B 3,PARAPHARMA,PARAPHARMA,30000,20500,Non,3,49644
tet0000003,TETINE CHAIN PACIFIER,,TETINE CHAIN PACIFIER,PARAPHARMA,PARAPHARMA,50000,35500,Non,4,49644
tet0000006,TETINE CHICO NATURAL FLOW,,TETINE CHICO NATURAL FLOW,PARAPHARMA,PARAPHARMA,50000,35500,Non,4,49644
tet0000001,TETINE CHICO NATURAL RELAX,,TETINE CHICO NATURAL RELAX,PARAPHARMA,PARAPHARMA,30000,20500,Non,9,49644
TETI002,TETINE DEUXIEME AGE PETIT,,TETINE DEUXIEME AGE PETIT,PARAPHARMA,PARAPHARMA,5000,0,Non,0,47484
tet0000004,TETINE MAM,,TETINE MAM,PARAPHARMA,PARAPHARMA,50000,35500,Non,4,49644
tet0000011,TETINE MAM PERFECT,,TETINE MAM PERFECT,PARAPHARMA,PARAPHARMA,60000,42000,Non,8,47818
tet0000033,TETINE MOME EASY,,TETINE MOME EASY,PARAPHARMA,PARAPHARMA,30000,20500,Non,5,47818
tet0000002,TETINE MOME EASY LOT DE 2,,TETINE MOME EASY LOT DE 2,PARAPHARMA,PARAPHARMA,40000,28500,Non,8,49644
tet0000012,TETINE NUK,,TETINE NUK,PARAPHARMA,PARAPHARMA,60000,42000,Non,9,47818
TETI001,TETINE PREMIER AGE GRAND,,TETINE PREMIER AGE GRAND,PARAPHARMA,PARAPHARMA,10000,0,Non,0,46753
3010452,TETINE SILICONE ANTI-COLIQUE,,TETINE SILICONE ANTI-COLIQUE,PARAPHARMA,PARAPHARMA,72000,9000,Non,0,47484
tet0000005,TETINE TOMMEE -TIPPEE,,TETINE TOMMEE -TIPPEE,PARAPHARMA,PARAPHARMA,40000,28500,Non,2,49644
PRUD001,TETITE JK 0-A-1ANE,,TETITE JK 0-A-1ANE,PARAPHARMA,PARAPHARMA,10000,357,Non,0,47696
THEB003,THE BIO HERBS COFFEE FEMINING B/6,,THE BIO HERBS COFFEE FEMINING B/6,PARAPHARMA,PARAPHARMA,40000,0,Non,0,44774
THEB001,THE BRULE GRAISSES B/20,,THE BRULE GRAISSES B/20,PARAPHARMA,PARAPHARMA,75000,0,Non,-1,44105
THEC001,THE CATHERINE GRAND,,THE CATHERINE GRAND,PARAPHARMA,PARAPHARMA,80000,42000,Non,14,47849
THEC005,THE CATHERINE PETIT,,THE CATHERINE PETIT,PARAPHARMA,PARAPHARMA,60000,0,Non,15,47119
THEB002,THE KOPI VITAMINE B/8,,THE KOPI VITAMINE B/8,PARAPHARMA,PARAPHARMA,40000,0,Non,0,45078
THER005,THE MINCEUR,,THE MINCEUR,PARAPHARMA,PARAPHARMA,100000,65500,Non,0,46266
THEN001,THE NIMBA B/20 TISANES,,THE NIMBA B/20 TISANES,PARAPHARMA,PARAPHARMA,300000,0,Non,0,43101
TSLI001,THE SLIMING HERB,,THE SLIMING HERB,PARAPHARMA,PARAPHARMA,75000,1000,Non,10,47119
THET001,THE TISANE DRAINAUTE,,THE TISANE DRAINAUTE,PARAPHARMA,PARAPHARMA,75000,0,Non,0,43952
THET002,THE TISANE SOMMEIL,,THE TISANE SOMMEIL,PARAPHARMA,PARAPHARMA,75000,0,Non,0,44136
THER004,THERMOMETRE DIGITAL LABEL,,THERMOMETRE DIGITAL LABEL,PARAPHARMA,PARAPHARMA,40000,470000,Non,0,47515
4227574,THERMOMETRE FRONTALE,,THERMOMETRE FRONTALE,PARAPHARMA,PARAPHARMA,0,0,Non,0,45778
THER001,THERMOMETRE IDA,,THERMOMETRE IDA,PARAPHARMA,PARAPHARMA,40000,2807,Non,0,43862
55110,THERMOMETRE MEDISANA,,THERMOMETRE MEDISANA,PARAPHARMA,PARAPHARMA,50000,0,Non,0,47484
540,TIR LAIT BREAST PUMP,,TIR LAIT BREAST PUMP,PARAPHARMA,PARAPHARMA,100000,0,Non,-1,47484
BLUE004,TIR LAIT HAND FREE,,TIR LAIT HAND FREE,PARAPHARMA,PARAPHARMA,600000,0,Non,0,52963
AHOR001,TIR LAIT KIWY,,TIR LAIT KIWY,PARAPHARMA,PARAPHARMA,240000,0,Non,0,46813
TIRE004,TIRE LAIT BIMISTH,,TIRE LAIT BIMISTH,PARAPHARMA,PARAPHARMA,600000,120000,Non,0,47757
118298,TIRE LAIT DOUBLE LOMPAGE,,TIRE LAIT DOUBLE LOMPAGE,PARAPHARMA,PARAPHARMA,600000,125000,Non,0,47727
1155064,TIRE LAIT PETIT MODEL,,TIRE LAIT PETIT MODEL,PARAPHARMA,PARAPHARMA,350000,143089,Non,0,47788
9119564,TONIGENCYL PATTE 75ML,,TONIGENCYL PATTE 75ML,PARAPHARMA,PARAPHARMA,18500,14000,Non,0,41424
2025314,TOO MIGNON,,TOO MIGNON,PARAPHARMA,PARAPHARMA,25000,3750,Non,0,47604
2434101,TOPICLEAR AC CREME HYDRATANT,,TOPICLEAR AC CREME HYDRATANT,PARAPHARMA,PARAPHARMA,125000,0,Non,0,47027
6100411,TOPICREM LAIT DA,,TOPICREM LAIT DA,PARAPHARMA,PARAPHARMA,180000,4796,Non,0,45992
3505849,TOPICREM ULTRA HYDRATANT,,TOPICREM ULTRA HYDRATANT,PARAPHARMA,PARAPHARMA,160000,3571,Non,0,45931
2413201,TOPICREME MELA LAIT HYDRATANT,,TOPICREME MELA LAIT HYDRATANT,PARAPHARMA,PARAPHARMA,200000,235000,Non,0,46784
18990,TOPICREME MELA SERUM,,TOPICREME MELA SERUM,PARAPHARMA,PARAPHARMA,200000,0,Non,0,46082
LAEA001,TRISA,,TRISA,PARAPHARMA,PARAPHARMA,50000,0,Non,0,47484
7101479,TROMPY BABY SHAMPOO,,TROMPY BABY SHAMPOO,PARAPHARMA,PARAPHARMA,25000,0,Non,0,42705
7101561,TROMPY SHAMPOOING,,TROMPY SHAMPOOING,PARAPHARMA,PARAPHARMA,25000,0,Non,0,43831
TROP0001,TROPICAL,,TROPICAL,PARAPHARMA,PARAPHARMA,60000,42500,Non,0,46266
SACP001,ULTRA DOUX SHAMPOOING ILLUMONANT,,ULTRA DOUX SHAMPOOING ILLUMONANT,PARAPHARMA,PARAPHARMA,60000,75000,Non,0,47727
22000,V05 SHAMPOOING,,V05 SHAMPOOING,PARAPHARMA,PARAPHARMA,30000,0,Non,0,43831
1308700,VASELINE DRY SKIN REPAIR,,VASELINE DRY SKIN REPAIR,PARAPHARMA,PARAPHARMA,40000,25000,Non,0,45658
9309648,VASELINE TOTAL LAIT,,VASELINE TOTAL LAIT,PARAPHARMA,PARAPHARMA,60000,0,Non,0,43831
7102070,VEET CREME EPILATIOR,,VEET CREME EPILATIOR,PARAPHARMA,PARAPHARMA,40000,25000,Non,0,45689
VEGE008,VEGEBOM  SAVON,,VEGEBOM  SAVON,PARAPHARMA,PARAPHARMA,30000,0,Non,0,44805
9004590,VEILLEUSE ENFT,,VEILLEUSE ENFT,PARAPHARMA,PARAPHARMA,15000,0,Non,0,46388
6639223,VERGETURINE,,VERGETURINE,PARAPHARMA,PARAPHARMA,131000,0,Non,0,43831
VICH001,VICHYCREME VERGETURES,,VICHYCREME VERGETURES,PARAPHARMA,PARAPHARMA,252000,0,Non,0,45017
9222140,VIP BABY JUNIOR 411-25KG,,VIP BABY JUNIOR 411-25KG,PARAPHARMA,PARAPHARMA,60000,0,Non,0,43831
VIPB003,VIP BABY MAXI COUCHE BEBE,,VIP BABY MAXI COUCHE BEBE,PARAPHARMA,PARAPHARMA,60000,35000,Non,0,41539
VIPB002,VIP BABY MIDI COUCHE BEBE,,VIP BABY MIDI COUCHE BEBE,PARAPHARMA,PARAPHARMA,60000,35000,Non,0,41539
VIPB001,VIP BABY MINI COUCHE BEBE,,VIP BABY MINI COUCHE BEBE,PARAPHARMA,PARAPHARMA,60000,35000,Non,0,43831
3810242,VITAMINE E LAIT,,VITAMINE E LAIT,PARAPHARMA,PARAPHARMA,30000,0,Non,0,43831
500500,VIVACHEK INO APARIEL,,VIVACHEK INO APARIEL,PARAPHARMA,PARAPHARMA,350000,0,Non,0,44805
500501,VIVACHEK INO BANDELETTE,,VIVACHEK INO BANDELETTE,PARAPHARMA,PARAPHARMA,125000,0,Non,0,44805
ONET001,WELEDA TISANE ALLAITEMENT,,WELEDA TISANE ALLAITEMENT,PARAPHARMA,PARAPHARMA,50000,0,Non,0,47696
XGAI001,XGAIN GEL,,XGAIN GEL,PARAPHARMA,PARAPHARMA,108000,0,Non,0,44927
